USE HADES
GO

/*Insert de padrões de acesso*/


--DELETE FROM HD_PADACES WHERE PADACES = 'DomAtend'
--DELETE FROM HD_PADACES WHERE PADACES = 'DomSecret'
--DELETE FROM HD_PADACES WHERE PADACES = 'DomSecGeral'
--GO

INSERT INTO HD_PADACES VALUES ('DomAtend','Atendimento DOM',NULL)
INSERT INTO HD_PADACES VALUES ('DomSecret','Secretaria DOM',NULL)
INSERT INTO HD_PADACES VALUES ('DomSecGeral','Secretaria Geral DOM',NULL)

GO


/*Insert de Padrão de Acesso: Transações*/

--DELETE FROM HD_PADTRANS WHERE PADACES = 'DomAtend'
--DELETE FROM HD_PADTRANS WHERE PADACES = 'DomSecret'
--DELETE FROM HD_PADTRANS WHERE PADACES = 'DomSecGeral'
--GO

INSERT INTO HD_PADTRANS VALUES ('DomAtend','Hades','Notícias','S',NULL,NULL)
INSERT INTO HD_PADTRANS VALUES ('DomAtend','Hades','Senha','S',NULL,NULL)
INSERT INTO HD_PADTRANS VALUES ('DomAtend','Lyceum','Agenda Aluno','N',NULL,NULL)
INSERT INTO HD_PADTRANS VALUES ('DomAtend','Lyceum','Altera Comentário Andamento','S',NULL,NULL)
INSERT INTO HD_PADTRANS VALUES ('DomAtend','Lyceum','Altera Turma Preferencial','N',NULL,NULL)
INSERT INTO HD_PADTRANS VALUES ('DomAtend','Lyceum','AlteraFoto','S',NULL,NULL)
INSERT INTO HD_PADTRANS VALUES ('DomAtend','Lyceum','AlteraPessoa','N',NULL,NULL)
INSERT INTO HD_PADTRANS VALUES ('DomAtend','Lyceum','Alterar status do documento do aluno','S',NULL,NULL)
INSERT INTO HD_PADTRANS VALUES ('DomAtend','Lyceum','Alunos por Curso','N',NULL,NULL)
INSERT INTO HD_PADTRANS VALUES ('DomAtend','Lyceum','Atendimento','S',NULL,NULL)
INSERT INTO HD_PADTRANS VALUES ('DomAtend','Lyceum','Avaliação de Histórico','N',NULL,NULL)
INSERT INTO HD_PADTRANS VALUES ('DomAtend','Lyceum','Aviso Geral','N',NULL,NULL)
INSERT INTO HD_PADTRANS VALUES ('DomAtend','Lyceum','Boleto Impressao','S',NULL,NULL)
INSERT INTO HD_PADTRANS VALUES ('DomAtend','Lyceum','Calendario','N',NULL,NULL)
INSERT INTO HD_PADTRANS VALUES ('DomAtend','Lyceum','Candidatos','S',NULL,NULL)
INSERT INTO HD_PADTRANS VALUES ('DomAtend','Lyceum','Carteirinha','S',NULL,NULL)
INSERT INTO HD_PADTRANS VALUES ('DomAtend','Lyceum','Cobranca','N',NULL,NULL)
INSERT INTO HD_PADTRANS VALUES ('DomAtend','Lyceum','Consulta Emails','S',NULL,NULL)
INSERT INTO HD_PADTRANS VALUES ('DomAtend','Lyceum','CONTRATOS DO ALUNO','N',NULL,NULL)
INSERT INTO HD_PADTRANS VALUES ('DomAtend','Lyceum','Dados de Vestibular','N',NULL,NULL)
INSERT INTO HD_PADTRANS VALUES ('DomAtend','Lyceum','Dados Gerais','S',NULL,NULL)
INSERT INTO HD_PADTRANS VALUES ('DomAtend','Lyceum','Dados Pessoais','N',NULL,NULL)
INSERT INTO HD_PADTRANS VALUES ('DomAtend','Lyceum','Devolucao','S',NULL,NULL)
INSERT INTO HD_PADTRANS VALUES ('DomAtend','Lyceum','Documentos','S',NULL,NULL)
INSERT INTO HD_PADTRANS VALUES ('DomAtend','Lyceum','Envio de Email para Alunos','S',NULL,NULL)
INSERT INTO HD_PADTRANS VALUES ('DomAtend','Lyceum','Ficha Medica','S',NULL,NULL)
INSERT INTO HD_PADTRANS VALUES ('DomAtend','Lyceum','Financeiro Resumo Aluno','N',NULL,NULL)
INSERT INTO HD_PADTRANS VALUES ('DomAtend','Lyceum','Frase Padrao','S',NULL,NULL)
INSERT INTO HD_PADTRANS VALUES ('DomAtend','Lyceum','Gera Boleto Resumo Financeiro','N',NULL,NULL)
INSERT INTO HD_PADTRANS VALUES ('DomAtend','Lyceum','Histórico de Contratos do Aluno','N',NULL,NULL)
INSERT INTO HD_PADTRANS VALUES ('DomAtend','Lyceum','Historico Transf','N',NULL,NULL)
INSERT INTO HD_PADTRANS VALUES ('DomAtend','Lyceum','Impressão de carteirinha','S',NULL,NULL)
INSERT INTO HD_PADTRANS VALUES ('DomAtend','Lyceum','Imprimir Boleto','S',NULL,NULL)
INSERT INTO HD_PADTRANS VALUES ('DomAtend','Lyceum','Ocorrencia','S',NULL,NULL)
INSERT INTO HD_PADTRANS VALUES ('DomAtend','Lyceum','Param Servico','S',NULL,NULL)
INSERT INTO HD_PADTRANS VALUES ('DomAtend','Lyceum','Pre-Matricula','S',NULL,NULL)
INSERT INTO HD_PADTRANS VALUES ('DomAtend','Lyceum','Regras Financeiras','N',NULL,NULL)
INSERT INTO HD_PADTRANS VALUES ('DomAtend','Lyceum','Relação de alunos','S',NULL,NULL)
INSERT INTO HD_PADTRANS VALUES ('DomAtend','Lyceum','Relacionamento Pessoa','S',NULL,NULL)
INSERT INTO HD_PADTRANS VALUES ('DomAtend','Lyceum','Relatorios','N',NULL,NULL)
INSERT INTO HD_PADTRANS VALUES ('DomAtend','Lyceum','Remove Aviso Servico','N',NULL,NULL)
INSERT INTO HD_PADTRANS VALUES ('DomAtend','Lyceum','Resumo do Aluno','N',NULL,NULL)
INSERT INTO HD_PADTRANS VALUES ('DomAtend','Lyceum','Resumo Financeiro','N',NULL,NULL)
INSERT INTO HD_PADTRANS VALUES ('DomAtend','Lyceum','Serviços Extras','S',NULL,NULL)
INSERT INTO HD_PADTRANS VALUES ('DomAtend','Lyceum','Servicos Solicitados','S',NULL,NULL)
INSERT INTO HD_PADTRANS VALUES ('DomAtend','Lyceum','Solicitacoes de Servicos','S',NULL,NULL)
INSERT INTO HD_PADTRANS VALUES ('DomAtend','Lyceum','Unidade de ensino','N',NULL,NULL)
INSERT INTO HD_PADTRANS VALUES ('DomAtend','Lyceum','Unidade física','N',NULL,NULL)
INSERT INTO HD_PADTRANS VALUES ('DomAtend','Lyceum','Unidades','N',NULL,NULL)
INSERT INTO HD_PADTRANS VALUES ('DomSecret','Hades','Notícias','S',NULL,NULL)
INSERT INTO HD_PADTRANS VALUES ('DomSecret','Hades','Processos','N',NULL,NULL)
INSERT INTO HD_PADTRANS VALUES ('DomSecret','Hades','Senha','S',NULL,NULL)
INSERT INTO HD_PADTRANS VALUES ('DomSecret','Hades','Tabela Geral','N',NULL,NULL)
INSERT INTO HD_PADTRANS VALUES ('DomSecret','Lyceum','Acerta Cred Manual','N',NULL,NULL)
INSERT INTO HD_PADTRANS VALUES ('DomSecret','Lyceum','Acordo','S',NULL,NULL)
INSERT INTO HD_PADTRANS VALUES ('DomSecret','Lyceum','Acordo Consulta','S',NULL,NULL)
INSERT INTO HD_PADTRANS VALUES ('DomSecret','Lyceum','Acordo Resumo Financeiro','S',NULL,NULL)
INSERT INTO HD_PADTRANS VALUES ('DomSecret','Lyceum','Agenda Alterar Docente','N',NULL,NULL)
INSERT INTO HD_PADTRANS VALUES ('DomSecret','Lyceum','Agenda Aluno','N',NULL,NULL)
INSERT INTO HD_PADTRANS VALUES ('DomSecret','Lyceum','Agenda de Curso','N',NULL,NULL)
INSERT INTO HD_PADTRANS VALUES ('DomSecret','Lyceum','Agenda de Dependencia','N',NULL,NULL)
INSERT INTO HD_PADTRANS VALUES ('DomSecret','Lyceum','Agenda de Docente','N',NULL,NULL)
INSERT INTO HD_PADTRANS VALUES ('DomSecret','Lyceum','Agenda Reposicao','N',NULL,NULL)
INSERT INTO HD_PADTRANS VALUES ('DomSecret','Lyceum','Agenda Substituir Docente','N',NULL,NULL)
INSERT INTO HD_PADTRANS VALUES ('DomSecret','Lyceum','Altera Comentário Andamento','S',NULL,NULL)
INSERT INTO HD_PADTRANS VALUES ('DomSecret','Lyceum','Altera Turma Preferencial','N',NULL,NULL)
INSERT INTO HD_PADTRANS VALUES ('DomSecret','Lyceum','Alteracao de Matricula','N',NULL,NULL)
INSERT INTO HD_PADTRANS VALUES ('DomSecret','Lyceum','AlteraFoto','S',NULL,NULL)
INSERT INTO HD_PADTRANS VALUES ('DomSecret','Lyceum','AlteraPessoa','N',NULL,NULL)
INSERT INTO HD_PADTRANS VALUES ('DomSecret','Lyceum','Alterar status do documento do aluno','S',NULL,NULL)
INSERT INTO HD_PADTRANS VALUES ('DomSecret','Lyceum','Alunos por Curso','N',NULL,NULL)
INSERT INTO HD_PADTRANS VALUES ('DomSecret','Lyceum','Alunos por Docente','N',NULL,NULL)
INSERT INTO HD_PADTRANS VALUES ('DomSecret','Lyceum','Areas de Vestibular','N',NULL,NULL)
INSERT INTO HD_PADTRANS VALUES ('DomSecret','Lyceum','Assistentes Ensino','N',NULL,NULL)
INSERT INTO HD_PADTRANS VALUES ('DomSecret','Lyceum','Associação de unidades de ensino à unidades físicas','N',NULL,NULL)
INSERT INTO HD_PADTRANS VALUES ('DomSecret','Lyceum','Atendimento','S',NULL,NULL)
INSERT INTO HD_PADTRANS VALUES ('DomSecret','Lyceum','Atividades','N',NULL,NULL)
INSERT INTO HD_PADTRANS VALUES ('DomSecret','Lyceum','Atividades Complementares','N',NULL,NULL)
INSERT INTO HD_PADTRANS VALUES ('DomSecret','Lyceum','Atividades Complementares por Grupos','N',NULL,NULL)
INSERT INTO HD_PADTRANS VALUES ('DomSecret','Lyceum','Avaliacao','N',NULL,NULL)
INSERT INTO HD_PADTRANS VALUES ('DomSecret','Lyceum','Avaliação de Histórico','N',NULL,NULL)
INSERT INTO HD_PADTRANS VALUES ('DomSecret','Lyceum','Aviso AOL','S',NULL,NULL)
INSERT INTO HD_PADTRANS VALUES ('DomSecret','Lyceum','Aviso DOL','S',NULL,NULL)
INSERT INTO HD_PADTRANS VALUES ('DomSecret','Lyceum','Aviso Geral','S',NULL,NULL)
INSERT INTO HD_PADTRANS VALUES ('DomSecret','Lyceum','BLOQUEIO DE MATRICULA','N',NULL,NULL)
INSERT INTO HD_PADTRANS VALUES ('DomSecret','Lyceum','Boleto Impressao','S',NULL,NULL)
INSERT INTO HD_PADTRANS VALUES ('DomSecret','Lyceum','Cálculo/Recálculo Resumo Financeiro','S',NULL,NULL)
INSERT INTO HD_PADTRANS VALUES ('DomSecret','Lyceum','Calendario','N',NULL,NULL)
INSERT INTO HD_PADTRANS VALUES ('DomSecret','Lyceum','Candidatos','S',NULL,NULL)
INSERT INTO HD_PADTRANS VALUES ('DomSecret','Lyceum','Candidatos com Descontos Especiais','S',NULL,NULL)
INSERT INTO HD_PADTRANS VALUES ('DomSecret','Lyceum','Carteirinha','N',NULL,NULL)
INSERT INTO HD_PADTRANS VALUES ('DomSecret','Lyceum','Causas Encerramento','S',NULL,NULL)
INSERT INTO HD_PADTRANS VALUES ('DomSecret','Lyceum','Centro de Custos','N',NULL,NULL)
INSERT INTO HD_PADTRANS VALUES ('DomSecret','Lyceum','Centro de Custos/Natureza','N',NULL,NULL)
INSERT INTO HD_PADTRANS VALUES ('DomSecret','Lyceum','Cobranca','S',NULL,NULL)
INSERT INTO HD_PADTRANS VALUES ('DomSecret','Lyceum','Coincidencias de Horario','N',NULL,NULL)
INSERT INTO HD_PADTRANS VALUES ('DomSecret','Lyceum','Composicao de Turmas','N',NULL,NULL)
INSERT INTO HD_PADTRANS VALUES ('DomSecret','Lyceum','Conceitos','S',NULL,NULL)
INSERT INTO HD_PADTRANS VALUES ('DomSecret','Lyceum','Concursos','N',NULL,NULL)
INSERT INTO HD_PADTRANS VALUES ('DomSecret','Lyceum','CONFIGURACAO PSELETIVO ONLINE','N',NULL,NULL)
INSERT INTO HD_PADTRANS VALUES ('DomSecret','Lyceum','Consulta Emails','S',NULL,NULL)
INSERT INTO HD_PADTRANS VALUES ('DomSecret','Lyceum','Consulta Resp Finan','S',NULL,NULL)
INSERT INTO HD_PADTRANS VALUES ('DomSecret','Lyceum','CONTRATOS DO ALUNO','N',NULL,NULL)
INSERT INTO HD_PADTRANS VALUES ('DomSecret','Lyceum','Convocacao Manual','N',NULL,NULL)
INSERT INTO HD_PADTRANS VALUES ('DomSecret','Lyceum','COORDENADOR','N',NULL,NULL)
INSERT INTO HD_PADTRANS VALUES ('DomSecret','Lyceum','Credito','S',NULL,NULL)
INSERT INTO HD_PADTRANS VALUES ('DomSecret','Lyceum','CriterioAvaliacao','N',NULL,NULL)
INSERT INTO HD_PADTRANS VALUES ('DomSecret','Lyceum','Curriculo Docente','S',NULL,NULL)
INSERT INTO HD_PADTRANS VALUES ('DomSecret','Lyceum','Curriculos','N',NULL,NULL)
INSERT INTO HD_PADTRANS VALUES ('DomSecret','Lyceum','Currículos por Disciplina','N',NULL,NULL)
INSERT INTO HD_PADTRANS VALUES ('DomSecret','Lyceum','Cursos','N',NULL,NULL)
INSERT INTO HD_PADTRANS VALUES ('DomSecret','Lyceum','Cursos por Grupo','N',NULL,NULL)
INSERT INTO HD_PADTRANS VALUES ('DomSecret','Lyceum','Dados de Vestibular','S',NULL,NULL)
INSERT INTO HD_PADTRANS VALUES ('DomSecret','Lyceum','Dados Gerais','S',NULL,NULL)
INSERT INTO HD_PADTRANS VALUES ('DomSecret','Lyceum','Dados Pessoais','S',NULL,NULL)
INSERT INTO HD_PADTRANS VALUES ('DomSecret','Lyceum','Debito','S',NULL,NULL)
INSERT INTO HD_PADTRANS VALUES ('DomSecret','Lyceum','Desfazer Faturamento da Cobrança','N',NULL,NULL)
INSERT INTO HD_PADTRANS VALUES ('DomSecret','Lyceum','Devolucao','S',NULL,NULL)
INSERT INTO HD_PADTRANS VALUES ('DomSecret','Lyceum','Diário Eletrônico','N',NULL,NULL)
INSERT INTO HD_PADTRANS VALUES ('DomSecret','Lyceum','Disciplinas','N',NULL,NULL)
INSERT INTO HD_PADTRANS VALUES ('DomSecret','Lyceum','Docente Horarios Atividades','N',NULL,NULL)
INSERT INTO HD_PADTRANS VALUES ('DomSecret','Lyceum','Docentes','N',NULL,NULL)
INSERT INTO HD_PADTRANS VALUES ('DomSecret','Lyceum','Docentes-Permite Inclusao','N',NULL,NULL)
INSERT INTO HD_PADTRANS VALUES ('DomSecret','Lyceum','Documentos','S',NULL,NULL)
INSERT INTO HD_PADTRANS VALUES ('DomSecret','Lyceum','documentos aluno','S',NULL,NULL)
INSERT INTO HD_PADTRANS VALUES ('DomSecret','Lyceum','Documentos Basico','N',NULL,NULL)
INSERT INTO HD_PADTRANS VALUES ('DomSecret','Lyceum','documentos etapa','N',NULL,NULL)
INSERT INTO HD_PADTRANS VALUES ('DomSecret','Lyceum','Documentos Ingresso','N',NULL,NULL)
INSERT INTO HD_PADTRANS VALUES ('DomSecret','Lyceum','Efetivação do Pré-Acordo','S',NULL,NULL)
INSERT INTO HD_PADTRANS VALUES ('DomSecret','Lyceum','Encerramento','N',NULL,NULL)
INSERT INTO HD_PADTRANS VALUES ('DomSecret','Lyceum','Entrega de diário de notas e faltas','N',NULL,NULL)
INSERT INTO HD_PADTRANS VALUES ('DomSecret','Lyceum','Envio de Email para Alunos','S',NULL,NULL)
INSERT INTO HD_PADTRANS VALUES ('DomSecret','Lyceum','Envio de Email para Docentes','N',NULL,NULL)
INSERT INTO HD_PADTRANS VALUES ('DomSecret','Lyceum','Eventos Acadêmicos','S',NULL,NULL)
INSERT INTO HD_PADTRANS VALUES ('DomSecret','Lyceum','Eventos por Curso','N',NULL,NULL)
INSERT INTO HD_PADTRANS VALUES ('DomSecret','Lyceum','Extrato do Aluno','N',NULL,NULL)
INSERT INTO HD_PADTRANS VALUES ('DomSecret','Lyceum','Fechamento de período por aluno','N',NULL,NULL)
INSERT INTO HD_PADTRANS VALUES ('DomSecret','Lyceum','FECHAMENTO PARCIAL','N',NULL,NULL)
INSERT INTO HD_PADTRANS VALUES ('DomSecret','Lyceum','Ficha Medica','S',NULL,NULL)
INSERT INTO HD_PADTRANS VALUES ('DomSecret','Lyceum','Financeiro Resumo Aluno','N',NULL,NULL)
INSERT INTO HD_PADTRANS VALUES ('DomSecret','Lyceum','Frase Padrao','S',NULL,NULL)
INSERT INTO HD_PADTRANS VALUES ('DomSecret','Lyceum','Funcoes','S',NULL,NULL)
INSERT INTO HD_PADTRANS VALUES ('DomSecret','Lyceum','Gera Boleto Resumo Financeiro','S',NULL,NULL)
INSERT INTO HD_PADTRANS VALUES ('DomSecret','Lyceum','Gera Cobrança Resumo Financeiro','S',NULL,NULL)
INSERT INTO HD_PADTRANS VALUES ('DomSecret','Lyceum','Grade Curricular','N',NULL,NULL)
INSERT INTO HD_PADTRANS VALUES ('DomSecret','Lyceum','Grade de Eletivas por Ano/Período','N',NULL,NULL)
INSERT INTO HD_PADTRANS VALUES ('DomSecret','Lyceum','Grupo de Cursos','S',NULL,NULL)
INSERT INTO HD_PADTRANS VALUES ('DomSecret','Lyceum','Grupo Desconto','S',NULL,NULL)
INSERT INTO HD_PADTRANS VALUES ('DomSecret','Lyceum','Grupo Disciplinas','N',NULL,NULL)
INSERT INTO HD_PADTRANS VALUES ('DomSecret','Lyceum','Grupo Encargo','S',NULL,NULL)
INSERT INTO HD_PADTRANS VALUES ('DomSecret','Lyceum','Grupo Oferta','S',NULL,NULL)
INSERT INTO HD_PADTRANS VALUES ('DomSecret','Lyceum','Grupo Servico Periodo','S',NULL,NULL)
INSERT INTO HD_PADTRANS VALUES ('DomSecret','Lyceum','Grupos de disciplina','N',NULL,NULL)
INSERT INTO HD_PADTRANS VALUES ('DomSecret','Lyceum','Histórico de Contratos do Aluno','N',NULL,NULL)
INSERT INTO HD_PADTRANS VALUES ('DomSecret','Lyceum','Historico de Matriculas','N',NULL,NULL)
INSERT INTO HD_PADTRANS VALUES ('DomSecret','Lyceum','Historico Inst Unidades','N',NULL,NULL)
INSERT INTO HD_PADTRANS VALUES ('DomSecret','Lyceum','Historico Transf','N',NULL,NULL)
INSERT INTO HD_PADTRANS VALUES ('DomSecret','Lyceum','Horario Operacional','N',NULL,NULL)
INSERT INTO HD_PADTRANS VALUES ('DomSecret','Lyceum','Horario por Docente','N',NULL,NULL)
INSERT INTO HD_PADTRANS VALUES ('DomSecret','Lyceum','Horario por Docente - Geração de Agenda','N',NULL,NULL)
INSERT INTO HD_PADTRANS VALUES ('DomSecret','Lyceum','Horario por Unidade','N',NULL,NULL)
INSERT INTO HD_PADTRANS VALUES ('DomSecret','Lyceum','Horarios das Grades','N',NULL,NULL)
INSERT INTO HD_PADTRANS VALUES ('DomSecret','Lyceum','Impressão de carteirinha','N',NULL,NULL)
INSERT INTO HD_PADTRANS VALUES ('DomSecret','Lyceum','Imprimir Boleto','S',NULL,NULL)
INSERT INTO HD_PADTRANS VALUES ('DomSecret','Lyceum','Ingresso ( Vestibular )','S',NULL,NULL)
INSERT INTO HD_PADTRANS VALUES ('DomSecret','Lyceum','Intercambio','N',NULL,NULL)
INSERT INTO HD_PADTRANS VALUES ('DomSecret','Lyceum','Itens de Lancamento','S',NULL,NULL)
INSERT INTO HD_PADTRANS VALUES ('DomSecret','Lyceum','KitServicos','N',NULL,NULL)
INSERT INTO HD_PADTRANS VALUES ('DomSecret','Lyceum','Modalidade Curso','S',NULL,NULL)
INSERT INTO HD_PADTRANS VALUES ('DomSecret','Lyceum','Motivo Substituicao','N',NULL,NULL)
INSERT INTO HD_PADTRANS VALUES ('DomSecret','Lyceum','Motivos de Saida','N',NULL,NULL)
INSERT INTO HD_PADTRANS VALUES ('DomSecret','Lyceum','Motivos Transf','N',NULL,NULL)
INSERT INTO HD_PADTRANS VALUES ('DomSecret','Lyceum','NotasAluno','N',NULL,NULL)
INSERT INTO HD_PADTRANS VALUES ('DomSecret','Lyceum','Novo Ingresso','N',NULL,NULL)
INSERT INTO HD_PADTRANS VALUES ('DomSecret','Lyceum','Observações Serviços OnLine','S',NULL,NULL)
INSERT INTO HD_PADTRANS VALUES ('DomSecret','Lyceum','Ocorrencia','S',NULL,NULL)
INSERT INTO HD_PADTRANS VALUES ('DomSecret','Lyceum','Oferta de Disciplinas por Grupo','N',NULL,NULL)
INSERT INTO HD_PADTRANS VALUES ('DomSecret','Lyceum','Opcoes','N',NULL,NULL)
INSERT INTO HD_PADTRANS VALUES ('DomSecret','Lyceum','Opcoes Matricula AOL','N',NULL,NULL)
INSERT INTO HD_PADTRANS VALUES ('DomSecret','Lyceum','Pagamento de Itens','S',NULL,NULL)
INSERT INTO HD_PADTRANS VALUES ('DomSecret','Lyceum','Pagamento Servico','S',NULL,NULL)
INSERT INTO HD_PADTRANS VALUES ('DomSecret','Lyceum','Param Servico','N',NULL,NULL)
INSERT INTO HD_PADTRANS VALUES ('DomSecret','Lyceum','Periodos Letivos','N',NULL,NULL)
INSERT INTO HD_PADTRANS VALUES ('DomSecret','Lyceum','Permite arrasto na geração de cobrança','S',NULL,NULL)
INSERT INTO HD_PADTRANS VALUES ('DomSecret','Lyceum','Pessoas_A_Exportar','S',NULL,NULL)
INSERT INTO HD_PADTRANS VALUES ('DomSecret','Lyceum','Pgto Cobrança Cheque Devolvido','S',NULL,NULL)
INSERT INTO HD_PADTRANS VALUES ('DomSecret','Lyceum','Pgto Multipl Cobr','S',NULL,NULL)
INSERT INTO HD_PADTRANS VALUES ('DomSecret','Lyceum','Planejamento de Assistentes/Orientadores de Turma','N',NULL,NULL)
INSERT INTO HD_PADTRANS VALUES ('DomSecret','Lyceum','Plano Pagamento Especial','N',NULL,NULL)
INSERT INTO HD_PADTRANS VALUES ('DomSecret','Lyceum','Plano Pagamento Padrao','N',NULL,NULL)
INSERT INTO HD_PADTRANS VALUES ('DomSecret','Lyceum','Plano Pagamento Periodo','S',NULL,NULL)
INSERT INTO HD_PADTRANS VALUES ('DomSecret','Lyceum','Pre-Matricula','S',NULL,NULL)
INSERT INTO HD_PADTRANS VALUES ('DomSecret','Lyceum','Proc Abertura Turmas','N',NULL,NULL)
INSERT INTO HD_PADTRANS VALUES ('DomSecret','Lyceum','Proc AjustaPreMatr','N',NULL,NULL)
INSERT INTO HD_PADTRANS VALUES ('DomSecret','Lyceum','Proc AjustaPreMatricula','N',NULL,NULL)
INSERT INTO HD_PADTRANS VALUES ('DomSecret','Lyceum','Proc Associação a áreas de concentração','S',NULL,NULL)
INSERT INTO HD_PADTRANS VALUES ('DomSecret','Lyceum','Proc Atualiza Serie','N',NULL,NULL)
INSERT INTO HD_PADTRANS VALUES ('DomSecret','Lyceum','Proc Calculo Notas Agregadas','N',NULL,NULL)
INSERT INTO HD_PADTRANS VALUES ('DomSecret','Lyceum','Proc Carrega Form Notas','N',NULL,NULL)
INSERT INTO HD_PADTRANS VALUES ('DomSecret','Lyceum','Proc Efetiv Pre Matricula','N',NULL,NULL)
INSERT INTO HD_PADTRANS VALUES ('DomSecret','Lyceum','Proc Elimina Pré-Matricula Ociosa da Série','N',NULL,NULL)
INSERT INTO HD_PADTRANS VALUES ('DomSecret','Lyceum','Proc Encerra Fase Curricular','N',NULL,NULL)
INSERT INTO HD_PADTRANS VALUES ('DomSecret','Lyceum','Proc Encerra Formados','N',NULL,NULL)
INSERT INTO HD_PADTRANS VALUES ('DomSecret','Lyceum','Proc Enturmacao','N',NULL,NULL)
INSERT INTO HD_PADTRANS VALUES ('DomSecret','Lyceum','Proc EnvioEmailsLote','S',NULL,NULL)
INSERT INTO HD_PADTRANS VALUES ('DomSecret','Lyceum','Proc Estorna Cobrança','S',NULL,NULL)
INSERT INTO HD_PADTRANS VALUES ('DomSecret','Lyceum','Proc Evadidos','N',NULL,NULL)
INSERT INTO HD_PADTRANS VALUES ('DomSecret','Lyceum','Proc Fecha Periodo Letivo','N',NULL,NULL)
INSERT INTO HD_PADTRANS VALUES ('DomSecret','Lyceum','Proc Fechamento Parcial','N',NULL,NULL)
INSERT INTO HD_PADTRANS VALUES ('DomSecret','Lyceum','Proc Finaliza Turmas','N',NULL,NULL)
INSERT INTO HD_PADTRANS VALUES ('DomSecret','Lyceum','Proc Gera Agenda','N',NULL,NULL)
INSERT INTO HD_PADTRANS VALUES ('DomSecret','Lyceum','Proc Gera Boletos','S',NULL,NULL)
INSERT INTO HD_PADTRANS VALUES ('DomSecret','Lyceum','Proc Gera Calc Matr','S',NULL,NULL)
INSERT INTO HD_PADTRANS VALUES ('DomSecret','Lyceum','Proc Gera Cobranca','S',NULL,NULL)
INSERT INTO HD_PADTRANS VALUES ('DomSecret','Lyceum','Proc Gera Deb Aluno','S',NULL,NULL)
INSERT INTO HD_PADTRANS VALUES ('DomSecret','Lyceum','Proc Gera Item Lanc','S',NULL,NULL)
INSERT INTO HD_PADTRANS VALUES ('DomSecret','Lyceum','Proc Gera Num Chamada','N',NULL,NULL)
INSERT INTO HD_PADTRANS VALUES ('DomSecret','Lyceum','Proc Gera Serviços Extras','S',NULL,NULL)
INSERT INTO HD_PADTRANS VALUES ('DomSecret','Lyceum','Proc Imprime Form Notas','N',NULL,NULL)
INSERT INTO HD_PADTRANS VALUES ('DomSecret','Lyceum','Proc Jubilamento','N',NULL,NULL)
INSERT INTO HD_PADTRANS VALUES ('DomSecret','Lyceum','Proc Pre Matricula','N',NULL,NULL)
INSERT INTO HD_PADTRANS VALUES ('DomSecret','Lyceum','Proc Remove Bol/Desfaz Fatura','S',NULL,NULL)
INSERT INTO HD_PADTRANS VALUES ('DomSecret','Lyceum','Proc Remove Boletos','S',NULL,NULL)
INSERT INTO HD_PADTRANS VALUES ('DomSecret','Lyceum','Proc Remove Deb Lote','S',NULL,NULL)
INSERT INTO HD_PADTRANS VALUES ('DomSecret','Lyceum','Proc Remove Item Lanc','S',NULL,NULL)
INSERT INTO HD_PADTRANS VALUES ('DomSecret','Lyceum','Proc Remove Turmas','S',NULL,NULL)
INSERT INTO HD_PADTRANS VALUES ('DomSecret','Lyceum','Proc Rendimento','N',NULL,NULL)
INSERT INTO HD_PADTRANS VALUES ('DomSecret','Lyceum','Prorroga Dt Venc Cobr Resumo Financeiro','S',NULL,NULL)
INSERT INTO HD_PADTRANS VALUES ('DomSecret','Lyceum','Provas','N',NULL,NULL)
INSERT INTO HD_PADTRANS VALUES ('DomSecret','Lyceum','PSeletivo OnLine Candidato','N',NULL,NULL)
INSERT INTO HD_PADTRANS VALUES ('DomSecret','Lyceum','Regras Financeiras','N',NULL,NULL)
INSERT INTO HD_PADTRANS VALUES ('DomSecret','Lyceum','Relação de alunos','S',NULL,NULL)
INSERT INTO HD_PADTRANS VALUES ('DomSecret','Lyceum','Relacionamento Pessoa','S',NULL,NULL)
INSERT INTO HD_PADTRANS VALUES ('DomSecret','Lyceum','Relatorios','N',NULL,NULL)
INSERT INTO HD_PADTRANS VALUES ('DomSecret','Lyceum','Remoção Matrícula','S',NULL,NULL)
INSERT INTO HD_PADTRANS VALUES ('DomSecret','Lyceum','Remoção Pré-Matrícula','N',NULL,NULL)
INSERT INTO HD_PADTRANS VALUES ('DomSecret','Lyceum','Remove Agenda','N',NULL,NULL)
INSERT INTO HD_PADTRANS VALUES ('DomSecret','Lyceum','Remove Aviso Servico','S',NULL,NULL)
INSERT INTO HD_PADTRANS VALUES ('DomSecret','Lyceum','Remove Cobrança Resumo Financeiro','S',NULL,NULL)
INSERT INTO HD_PADTRANS VALUES ('DomSecret','Lyceum','Remove Contrato Aluno','N',NULL,NULL)
INSERT INTO HD_PADTRANS VALUES ('DomSecret','Lyceum','Remove Dívida Resumo Financeiro','S',NULL,NULL)
INSERT INTO HD_PADTRANS VALUES ('DomSecret','Lyceum','Remove Pagamento','S',NULL,NULL)
INSERT INTO HD_PADTRANS VALUES ('DomSecret','Lyceum','Rendimento','N',NULL,NULL)
INSERT INTO HD_PADTRANS VALUES ('DomSecret','Lyceum','Responsavel Financeiro','S',NULL,NULL)
INSERT INTO HD_PADTRANS VALUES ('DomSecret','Lyceum','Restricao Documento Curso','N',NULL,NULL)
INSERT INTO HD_PADTRANS VALUES ('DomSecret','Lyceum','Restricao Servico Curso','N',NULL,NULL)
INSERT INTO HD_PADTRANS VALUES ('DomSecret','Lyceum','Resumo do Aluno','N',NULL,NULL)
INSERT INTO HD_PADTRANS VALUES ('DomSecret','Lyceum','Resumo Financeiro','S',NULL,NULL)
INSERT INTO HD_PADTRANS VALUES ('DomSecret','Lyceum','Servico/Grupo Aluno','S',NULL,NULL)
INSERT INTO HD_PADTRANS VALUES ('DomSecret','Lyceum','Serviços Extras','S',NULL,NULL)
INSERT INTO HD_PADTRANS VALUES ('DomSecret','Lyceum','Servicos Solicitados','S',NULL,NULL)
INSERT INTO HD_PADTRANS VALUES ('DomSecret','Lyceum','Solicitacoes de Servicos','S',NULL,NULL)
INSERT INTO HD_PADTRANS VALUES ('DomSecret','Lyceum','Substituição/Enturmação de Disciplinas','N',NULL,NULL)
INSERT INTO HD_PADTRANS VALUES ('DomSecret','Lyceum','Tabela de Servicos','N',NULL,NULL)
INSERT INTO HD_PADTRANS VALUES ('DomSecret','Lyceum','Tipo Atividade Docente','N',NULL,NULL)
INSERT INTO HD_PADTRANS VALUES ('DomSecret','Lyceum','Tipo de Atividade','N',NULL,NULL)
INSERT INTO HD_PADTRANS VALUES ('DomSecret','Lyceum','Tipos de Ativ Compl','N',NULL,NULL)
INSERT INTO HD_PADTRANS VALUES ('DomSecret','Lyceum','Tipos de Dependencia','N',NULL,NULL)
INSERT INTO HD_PADTRANS VALUES ('DomSecret','Lyceum','Tipos de Disciplina','N',NULL,NULL)
INSERT INTO HD_PADTRANS VALUES ('DomSecret','Lyceum','Tipos de Ingresso','N',NULL,NULL)
INSERT INTO HD_PADTRANS VALUES ('DomSecret','Lyceum','Tipos de Instituicao','N',NULL,NULL)
INSERT INTO HD_PADTRANS VALUES ('DomSecret','Lyceum','Trancamento','N',NULL,NULL)
INSERT INTO HD_PADTRANS VALUES ('DomSecret','Lyceum','Transf. Turma','N',NULL,NULL)
INSERT INTO HD_PADTRANS VALUES ('DomSecret','Lyceum','Transferencia','N',NULL,NULL)
INSERT INTO HD_PADTRANS VALUES ('DomSecret','Lyceum','Transferência de Candidatos','N',NULL,NULL)
INSERT INTO HD_PADTRANS VALUES ('DomSecret','Lyceum','Transferencia de Unidade','N',NULL,NULL)
INSERT INTO HD_PADTRANS VALUES ('DomSecret','Lyceum','Troca de Disciplina','N',NULL,NULL)
INSERT INTO HD_PADTRANS VALUES ('DomSecret','Lyceum','Turma','N',NULL,NULL)
INSERT INTO HD_PADTRANS VALUES ('DomSecret','Lyceum','Turma Serie','N',NULL,NULL)
INSERT INTO HD_PADTRANS VALUES ('DomSecret','Lyceum','Turma-Agenda','N',NULL,NULL)
INSERT INTO HD_PADTRANS VALUES ('DomSecret','Lyceum','Turma-Assistente Ensino','N',NULL,NULL)
INSERT INTO HD_PADTRANS VALUES ('DomSecret','Lyceum','Turma-Associação Créditos','N',NULL,NULL)
INSERT INTO HD_PADTRANS VALUES ('DomSecret','Lyceum','Turma-Aulas Docente','N',NULL,NULL)
INSERT INTO HD_PADTRANS VALUES ('DomSecret','Lyceum','Turma-Avaliação','N',NULL,NULL)
INSERT INTO HD_PADTRANS VALUES ('DomSecret','Lyceum','Turma-Disciplina','N',NULL,NULL)
INSERT INTO HD_PADTRANS VALUES ('DomSecret','Lyceum','Turma-Docente','N',NULL,NULL)
INSERT INTO HD_PADTRANS VALUES ('DomSecret','Lyceum','Turma-Frequência','N',NULL,NULL)
INSERT INTO HD_PADTRANS VALUES ('DomSecret','Lyceum','Turma-Geral','N',NULL,NULL)
INSERT INTO HD_PADTRANS VALUES ('DomSecret','Lyceum','Turma-Grade','N',NULL,NULL)
INSERT INTO HD_PADTRANS VALUES ('DomSecret','Lyceum','Turma-Horário','N',NULL,NULL)
INSERT INTO HD_PADTRANS VALUES ('DomSecret','Lyceum','Turma-Plano Didático','N',NULL,NULL)
INSERT INTO HD_PADTRANS VALUES ('DomSecret','Lyceum','Turma-Prova','N',NULL,NULL)
INSERT INTO HD_PADTRANS VALUES ('DomSecret','Lyceum','Turma-Reserva Vaga','N',NULL,NULL)
INSERT INTO HD_PADTRANS VALUES ('DomSecret','Lyceum','Turma-ReservaVagas/TurmaPref','N',NULL,NULL)
INSERT INTO HD_PADTRANS VALUES ('DomSecret','Lyceum','Turmas','N',NULL,NULL)
INSERT INTO HD_PADTRANS VALUES ('DomSecret','Lyceum','turmas associadas','N',NULL,NULL)
INSERT INTO HD_PADTRANS VALUES ('DomSecret','Lyceum','Turmas associadas a Unidade Física','N',NULL,NULL)
INSERT INTO HD_PADTRANS VALUES ('DomSecret','Lyceum','Turmas por ano/período','N',NULL,NULL)
INSERT INTO HD_PADTRANS VALUES ('DomSecret','Lyceum','Turma-Subdisciplina/Tema','N',NULL,NULL)
INSERT INTO HD_PADTRANS VALUES ('DomSecret','Lyceum','Turnos','N',NULL,NULL)
INSERT INTO HD_PADTRANS VALUES ('DomSecret','Lyceum','Unidade de ensino','N',NULL,NULL)
INSERT INTO HD_PADTRANS VALUES ('DomSecret','Lyceum','Unidade física','N',NULL,NULL)
INSERT INTO HD_PADTRANS VALUES ('DomSecret','Lyceum','Unidades','N',NULL,NULL)
INSERT INTO HD_PADTRANS VALUES ('DomSecGeral','Hades','Notícias','S',NULL,NULL)
INSERT INTO HD_PADTRANS VALUES ('DomSecGeral','Hades','Processos','N',NULL,NULL)
INSERT INTO HD_PADTRANS VALUES ('DomSecGeral','Hades','Senha','S',NULL,NULL)
INSERT INTO HD_PADTRANS VALUES ('DomSecGeral','Hades','Tabela Geral','N',NULL,NULL)
INSERT INTO HD_PADTRANS VALUES ('DomSecGeral','Lyceum','Acerta Cred Manual','S',NULL,NULL)
INSERT INTO HD_PADTRANS VALUES ('DomSecGeral','Lyceum','Acordo','S',NULL,NULL)
INSERT INTO HD_PADTRANS VALUES ('DomSecGeral','Lyceum','Acordo Consulta','S',NULL,NULL)
INSERT INTO HD_PADTRANS VALUES ('DomSecGeral','Lyceum','Acordo Resumo Financeiro','S',NULL,NULL)
INSERT INTO HD_PADTRANS VALUES ('DomSecGeral','Lyceum','Agenda Alterar Docente','N',NULL,NULL)
INSERT INTO HD_PADTRANS VALUES ('DomSecGeral','Lyceum','Agenda Aluno','N',NULL,NULL)
INSERT INTO HD_PADTRANS VALUES ('DomSecGeral','Lyceum','Agenda de Curso','N',NULL,NULL)
INSERT INTO HD_PADTRANS VALUES ('DomSecGeral','Lyceum','Agenda de Dependencia','N',NULL,NULL)
INSERT INTO HD_PADTRANS VALUES ('DomSecGeral','Lyceum','Agenda de Docente','N',NULL,NULL)
INSERT INTO HD_PADTRANS VALUES ('DomSecGeral','Lyceum','Agenda Reposicao','N',NULL,NULL)
INSERT INTO HD_PADTRANS VALUES ('DomSecGeral','Lyceum','Agenda Substituir Docente','N',NULL,NULL)
INSERT INTO HD_PADTRANS VALUES ('DomSecGeral','Lyceum','Altera Comentário Andamento','S',NULL,NULL)
INSERT INTO HD_PADTRANS VALUES ('DomSecGeral','Lyceum','Altera Turma Preferencial','N',NULL,NULL)
INSERT INTO HD_PADTRANS VALUES ('DomSecGeral','Lyceum','Alteracao de Matricula','N',NULL,NULL)
INSERT INTO HD_PADTRANS VALUES ('DomSecGeral','Lyceum','AlteraFoto','S',NULL,NULL)
INSERT INTO HD_PADTRANS VALUES ('DomSecGeral','Lyceum','AlteraPessoa','N',NULL,NULL)
INSERT INTO HD_PADTRANS VALUES ('DomSecGeral','Lyceum','Alterar status do documento do aluno','S',NULL,NULL)
INSERT INTO HD_PADTRANS VALUES ('DomSecGeral','Lyceum','Alunos por Curso','N',NULL,NULL)
INSERT INTO HD_PADTRANS VALUES ('DomSecGeral','Lyceum','Alunos por Docente','N',NULL,NULL)
INSERT INTO HD_PADTRANS VALUES ('DomSecGeral','Lyceum','Areas de Vestibular','N',NULL,NULL)
INSERT INTO HD_PADTRANS VALUES ('DomSecGeral','Lyceum','Assistentes Ensino','N',NULL,NULL)
INSERT INTO HD_PADTRANS VALUES ('DomSecGeral','Lyceum','Associação de unidades de ensino à unidades físicas','N',NULL,NULL)
INSERT INTO HD_PADTRANS VALUES ('DomSecGeral','Lyceum','Atendimento','S',NULL,NULL)
INSERT INTO HD_PADTRANS VALUES ('DomSecGeral','Lyceum','Atividades','N',NULL,NULL)
INSERT INTO HD_PADTRANS VALUES ('DomSecGeral','Lyceum','Atividades Complementares','N',NULL,NULL)
INSERT INTO HD_PADTRANS VALUES ('DomSecGeral','Lyceum','Atividades Complementares por Grupos','N',NULL,NULL)
INSERT INTO HD_PADTRANS VALUES ('DomSecGeral','Lyceum','Avaliacao','N',NULL,NULL)
INSERT INTO HD_PADTRANS VALUES ('DomSecGeral','Lyceum','Avaliação de Histórico','N',NULL,NULL)
INSERT INTO HD_PADTRANS VALUES ('DomSecGeral','Lyceum','Aviso AOL','S',NULL,NULL)
INSERT INTO HD_PADTRANS VALUES ('DomSecGeral','Lyceum','Aviso DOL','S',NULL,NULL)
INSERT INTO HD_PADTRANS VALUES ('DomSecGeral','Lyceum','Aviso Geral','S',NULL,NULL)
INSERT INTO HD_PADTRANS VALUES ('DomSecGeral','Lyceum','BLOQUEIO DE MATRICULA','N',NULL,NULL)
INSERT INTO HD_PADTRANS VALUES ('DomSecGeral','Lyceum','Boleto Impressao','S',NULL,NULL)
INSERT INTO HD_PADTRANS VALUES ('DomSecGeral','Lyceum','Cálculo/Recálculo Resumo Financeiro','S',NULL,NULL)
INSERT INTO HD_PADTRANS VALUES ('DomSecGeral','Lyceum','Calendario','N',NULL,NULL)
INSERT INTO HD_PADTRANS VALUES ('DomSecGeral','Lyceum','Candidatos','S',NULL,NULL)
INSERT INTO HD_PADTRANS VALUES ('DomSecGeral','Lyceum','Candidatos com Descontos Especiais','S',NULL,NULL)
INSERT INTO HD_PADTRANS VALUES ('DomSecGeral','Lyceum','Carteirinha','N',NULL,NULL)
INSERT INTO HD_PADTRANS VALUES ('DomSecGeral','Lyceum','Causas Encerramento','S',NULL,NULL)
INSERT INTO HD_PADTRANS VALUES ('DomSecGeral','Lyceum','Centro de Custos','N',NULL,NULL)
INSERT INTO HD_PADTRANS VALUES ('DomSecGeral','Lyceum','Centro de Custos/Natureza','N',NULL,NULL)
INSERT INTO HD_PADTRANS VALUES ('DomSecGeral','Lyceum','Cobranca','S',NULL,NULL)
INSERT INTO HD_PADTRANS VALUES ('DomSecGeral','Lyceum','Coincidencias de Horario','N',NULL,NULL)
INSERT INTO HD_PADTRANS VALUES ('DomSecGeral','Lyceum','Composicao de Turmas','N',NULL,NULL)
INSERT INTO HD_PADTRANS VALUES ('DomSecGeral','Lyceum','Conceitos','S',NULL,NULL)
INSERT INTO HD_PADTRANS VALUES ('DomSecGeral','Lyceum','Concursos','N',NULL,NULL)
INSERT INTO HD_PADTRANS VALUES ('DomSecGeral','Lyceum','CONFIGURACAO PSELETIVO ONLINE','N',NULL,NULL)
INSERT INTO HD_PADTRANS VALUES ('DomSecGeral','Lyceum','Consulta Emails','S',NULL,NULL)
INSERT INTO HD_PADTRANS VALUES ('DomSecGeral','Lyceum','Consulta Resp Finan','S',NULL,NULL)
INSERT INTO HD_PADTRANS VALUES ('DomSecGeral','Lyceum','CONTRATOS DO ALUNO','N',NULL,NULL)
INSERT INTO HD_PADTRANS VALUES ('DomSecGeral','Lyceum','Convocacao Manual','N',NULL,NULL)
INSERT INTO HD_PADTRANS VALUES ('DomSecGeral','Lyceum','COORDENADOR','N',NULL,NULL)
INSERT INTO HD_PADTRANS VALUES ('DomSecGeral','Lyceum','Credito','S',NULL,NULL)
INSERT INTO HD_PADTRANS VALUES ('DomSecGeral','Lyceum','CriterioAvaliacao','N',NULL,NULL)
INSERT INTO HD_PADTRANS VALUES ('DomSecGeral','Lyceum','Curriculo Docente','S',NULL,NULL)
INSERT INTO HD_PADTRANS VALUES ('DomSecGeral','Lyceum','Curriculos','N',NULL,NULL)
INSERT INTO HD_PADTRANS VALUES ('DomSecGeral','Lyceum','Currículos por Disciplina','N',NULL,NULL)
INSERT INTO HD_PADTRANS VALUES ('DomSecGeral','Lyceum','Cursos','N',NULL,NULL)
INSERT INTO HD_PADTRANS VALUES ('DomSecGeral','Lyceum','Cursos por Grupo','N',NULL,NULL)
INSERT INTO HD_PADTRANS VALUES ('DomSecGeral','Lyceum','Dados de Vestibular','S',NULL,NULL)
INSERT INTO HD_PADTRANS VALUES ('DomSecGeral','Lyceum','Dados Gerais','S',NULL,NULL)
INSERT INTO HD_PADTRANS VALUES ('DomSecGeral','Lyceum','Dados Pessoais','S',NULL,NULL)
INSERT INTO HD_PADTRANS VALUES ('DomSecGeral','Lyceum','Debito','S',NULL,NULL)
INSERT INTO HD_PADTRANS VALUES ('DomSecGeral','Lyceum','Desfazer Faturamento da Cobrança','N',NULL,NULL)
INSERT INTO HD_PADTRANS VALUES ('DomSecGeral','Lyceum','Devolucao','S',NULL,NULL)
INSERT INTO HD_PADTRANS VALUES ('DomSecGeral','Lyceum','Diário Eletrônico','N',NULL,NULL)
INSERT INTO HD_PADTRANS VALUES ('DomSecGeral','Lyceum','Disciplinas','N',NULL,NULL)
INSERT INTO HD_PADTRANS VALUES ('DomSecGeral','Lyceum','Docente Horarios Atividades','N',NULL,NULL)
INSERT INTO HD_PADTRANS VALUES ('DomSecGeral','Lyceum','Docentes','N',NULL,NULL)
INSERT INTO HD_PADTRANS VALUES ('DomSecGeral','Lyceum','Docentes-Permite Inclusao','N',NULL,NULL)
INSERT INTO HD_PADTRANS VALUES ('DomSecGeral','Lyceum','Documentos','S',NULL,NULL)
INSERT INTO HD_PADTRANS VALUES ('DomSecGeral','Lyceum','documentos aluno','S',NULL,NULL)
INSERT INTO HD_PADTRANS VALUES ('DomSecGeral','Lyceum','Documentos Basico','S',NULL,NULL)
INSERT INTO HD_PADTRANS VALUES ('DomSecGeral','Lyceum','documentos etapa','N',NULL,NULL)
INSERT INTO HD_PADTRANS VALUES ('DomSecGeral','Lyceum','Documentos Ingresso','S',NULL,NULL)
INSERT INTO HD_PADTRANS VALUES ('DomSecGeral','Lyceum','Efetivação do Pré-Acordo','S',NULL,NULL)
INSERT INTO HD_PADTRANS VALUES ('DomSecGeral','Lyceum','Encerramento','N',NULL,NULL)
INSERT INTO HD_PADTRANS VALUES ('DomSecGeral','Lyceum','Entrega de diário de notas e faltas','N',NULL,NULL)
INSERT INTO HD_PADTRANS VALUES ('DomSecGeral','Lyceum','Envio de Email para Alunos','S',NULL,NULL)
INSERT INTO HD_PADTRANS VALUES ('DomSecGeral','Lyceum','Envio de Email para Docentes','N',NULL,NULL)
INSERT INTO HD_PADTRANS VALUES ('DomSecGeral','Lyceum','Eventos Acadêmicos','S',NULL,NULL)
INSERT INTO HD_PADTRANS VALUES ('DomSecGeral','Lyceum','Eventos por Curso','N',NULL,NULL)
INSERT INTO HD_PADTRANS VALUES ('DomSecGeral','Lyceum','Extrato do Aluno','N',NULL,NULL)
INSERT INTO HD_PADTRANS VALUES ('DomSecGeral','Lyceum','Fechamento de período por aluno','N',NULL,NULL)
INSERT INTO HD_PADTRANS VALUES ('DomSecGeral','Lyceum','FECHAMENTO PARCIAL','N',NULL,NULL)
INSERT INTO HD_PADTRANS VALUES ('DomSecGeral','Lyceum','Ficha Medica','S',NULL,NULL)
INSERT INTO HD_PADTRANS VALUES ('DomSecGeral','Lyceum','Financeiro Resumo Aluno','N',NULL,NULL)
INSERT INTO HD_PADTRANS VALUES ('DomSecGeral','Lyceum','Frase Padrao','S',NULL,NULL)
INSERT INTO HD_PADTRANS VALUES ('DomSecGeral','Lyceum','Funcoes','S',NULL,NULL)
INSERT INTO HD_PADTRANS VALUES ('DomSecGeral','Lyceum','Gera Boleto Resumo Financeiro','S',NULL,NULL)
INSERT INTO HD_PADTRANS VALUES ('DomSecGeral','Lyceum','Gera Cobrança Resumo Financeiro','S',NULL,NULL)
INSERT INTO HD_PADTRANS VALUES ('DomSecGeral','Lyceum','Grade Curricular','N',NULL,NULL)
INSERT INTO HD_PADTRANS VALUES ('DomSecGeral','Lyceum','Grade de Eletivas por Ano/Período','N',NULL,NULL)
INSERT INTO HD_PADTRANS VALUES ('DomSecGeral','Lyceum','Grupo de Cursos','S',NULL,NULL)
INSERT INTO HD_PADTRANS VALUES ('DomSecGeral','Lyceum','Grupo Disciplinas','N',NULL,NULL)
INSERT INTO HD_PADTRANS VALUES ('DomSecGeral','Lyceum','Grupo Encargo','S',NULL,NULL)
INSERT INTO HD_PADTRANS VALUES ('DomSecGeral','Lyceum','Grupo Oferta','S',NULL,NULL)
INSERT INTO HD_PADTRANS VALUES ('DomSecGeral','Lyceum','Grupo Servico Periodo','S',NULL,NULL)
INSERT INTO HD_PADTRANS VALUES ('DomSecGeral','Lyceum','Grupos de disciplina','N',NULL,NULL)
INSERT INTO HD_PADTRANS VALUES ('DomSecGeral','Lyceum','Histórico de Contratos do Aluno','N',NULL,NULL)
INSERT INTO HD_PADTRANS VALUES ('DomSecGeral','Lyceum','Historico de Matriculas','N',NULL,NULL)
INSERT INTO HD_PADTRANS VALUES ('DomSecGeral','Lyceum','Historico Inst Unidades','N',NULL,NULL)
INSERT INTO HD_PADTRANS VALUES ('DomSecGeral','Lyceum','Historico Transf','N',NULL,NULL)
INSERT INTO HD_PADTRANS VALUES ('DomSecGeral','Lyceum','Horario Operacional','N',NULL,NULL)
INSERT INTO HD_PADTRANS VALUES ('DomSecGeral','Lyceum','Horario por Docente','N',NULL,NULL)
INSERT INTO HD_PADTRANS VALUES ('DomSecGeral','Lyceum','Horario por Docente - Geração de Agenda','N',NULL,NULL)
INSERT INTO HD_PADTRANS VALUES ('DomSecGeral','Lyceum','Horario por Unidade','N',NULL,NULL)
INSERT INTO HD_PADTRANS VALUES ('DomSecGeral','Lyceum','Horarios das Grades','N',NULL,NULL)
INSERT INTO HD_PADTRANS VALUES ('DomSecGeral','Lyceum','Impressão de carteirinha','N',NULL,NULL)
INSERT INTO HD_PADTRANS VALUES ('DomSecGeral','Lyceum','Imprimir Boleto','S',NULL,NULL)
INSERT INTO HD_PADTRANS VALUES ('DomSecGeral','Lyceum','Ingresso ( Vestibular )','S',NULL,NULL)
INSERT INTO HD_PADTRANS VALUES ('DomSecGeral','Lyceum','Intercambio','N',NULL,NULL)
INSERT INTO HD_PADTRANS VALUES ('DomSecGeral','Lyceum','Itens de Lancamento','S',NULL,NULL)
INSERT INTO HD_PADTRANS VALUES ('DomSecGeral','Lyceum','KitServicos','N',NULL,NULL)
INSERT INTO HD_PADTRANS VALUES ('DomSecGeral','Lyceum','Modalidade Curso','S',NULL,NULL)
INSERT INTO HD_PADTRANS VALUES ('DomSecGeral','Lyceum','Motivo Substituicao','N',NULL,NULL)
INSERT INTO HD_PADTRANS VALUES ('DomSecGeral','Lyceum','Motivos de Saida','N',NULL,NULL)
INSERT INTO HD_PADTRANS VALUES ('DomSecGeral','Lyceum','Motivos Transf','N',NULL,NULL)
INSERT INTO HD_PADTRANS VALUES ('DomSecGeral','Lyceum','NotasAluno','N',NULL,NULL)
INSERT INTO HD_PADTRANS VALUES ('DomSecGeral','Lyceum','Novo Ingresso','N',NULL,NULL)
INSERT INTO HD_PADTRANS VALUES ('DomSecGeral','Lyceum','Observações Serviços OnLine','S',NULL,NULL)
INSERT INTO HD_PADTRANS VALUES ('DomSecGeral','Lyceum','Ocorrencia','S',NULL,NULL)
INSERT INTO HD_PADTRANS VALUES ('DomSecGeral','Lyceum','Oferta de Disciplinas por Grupo','N',NULL,NULL)
INSERT INTO HD_PADTRANS VALUES ('DomSecGeral','Lyceum','Opcoes','N',NULL,NULL)
INSERT INTO HD_PADTRANS VALUES ('DomSecGeral','Lyceum','Opcoes Matricula AOL','N',NULL,NULL)
INSERT INTO HD_PADTRANS VALUES ('DomSecGeral','Lyceum','Pagamento de Itens','S',NULL,NULL)
INSERT INTO HD_PADTRANS VALUES ('DomSecGeral','Lyceum','Pagamento Servico','S',NULL,NULL)
INSERT INTO HD_PADTRANS VALUES ('DomSecGeral','Lyceum','Param Servico','N',NULL,NULL)
INSERT INTO HD_PADTRANS VALUES ('DomSecGeral','Lyceum','Periodos Letivos','N',NULL,NULL)
INSERT INTO HD_PADTRANS VALUES ('DomSecGeral','Lyceum','Permite arrasto na geração de cobrança','S',NULL,NULL)
INSERT INTO HD_PADTRANS VALUES ('DomSecGeral','Lyceum','Pessoas_A_Exportar','S',NULL,NULL)
INSERT INTO HD_PADTRANS VALUES ('DomSecGeral','Lyceum','Pgto Cobrança Cheque Devolvido','S',NULL,NULL)
INSERT INTO HD_PADTRANS VALUES ('DomSecGeral','Lyceum','Pgto Multipl Cobr','S',NULL,NULL)
INSERT INTO HD_PADTRANS VALUES ('DomSecGeral','Lyceum','Planejamento de Assistentes/Orientadores de Turma','N',NULL,NULL)
INSERT INTO HD_PADTRANS VALUES ('DomSecGeral','Lyceum','Plano Pagamento Especial','N',NULL,NULL)
INSERT INTO HD_PADTRANS VALUES ('DomSecGeral','Lyceum','Plano Pagamento Padrao','N',NULL,NULL)
INSERT INTO HD_PADTRANS VALUES ('DomSecGeral','Lyceum','Plano Pagamento Periodo','S',NULL,NULL)
INSERT INTO HD_PADTRANS VALUES ('DomSecGeral','Lyceum','Pre-Matricula','S',NULL,NULL)
INSERT INTO HD_PADTRANS VALUES ('DomSecGeral','Lyceum','Proc Abertura Turmas','N',NULL,NULL)
INSERT INTO HD_PADTRANS VALUES ('DomSecGeral','Lyceum','Proc AjustaPreMatr','N',NULL,NULL)
INSERT INTO HD_PADTRANS VALUES ('DomSecGeral','Lyceum','Proc AjustaPreMatricula','N',NULL,NULL)
INSERT INTO HD_PADTRANS VALUES ('DomSecGeral','Lyceum','Proc Associação a áreas de concentração','N',NULL,NULL)
INSERT INTO HD_PADTRANS VALUES ('DomSecGeral','Lyceum','Proc Atualiza Serie','N',NULL,NULL)
INSERT INTO HD_PADTRANS VALUES ('DomSecGeral','Lyceum','Proc Calculo Notas Agregadas','N',NULL,NULL)
INSERT INTO HD_PADTRANS VALUES ('DomSecGeral','Lyceum','Proc Carrega Form Notas','N',NULL,NULL)
INSERT INTO HD_PADTRANS VALUES ('DomSecGeral','Lyceum','Proc Efetiv Pre Matricula','N',NULL,NULL)
INSERT INTO HD_PADTRANS VALUES ('DomSecGeral','Lyceum','Proc Elimina Pré-Matricula Ociosa da Série','N',NULL,NULL)
INSERT INTO HD_PADTRANS VALUES ('DomSecGeral','Lyceum','Proc Encerra Fase Curricular','N',NULL,NULL)
INSERT INTO HD_PADTRANS VALUES ('DomSecGeral','Lyceum','Proc Encerra Formados','N',NULL,NULL)
INSERT INTO HD_PADTRANS VALUES ('DomSecGeral','Lyceum','Proc Enturmacao','N',NULL,NULL)
INSERT INTO HD_PADTRANS VALUES ('DomSecGeral','Lyceum','Proc EnvioEmailsLote','S',NULL,NULL)
INSERT INTO HD_PADTRANS VALUES ('DomSecGeral','Lyceum','Proc Estorna Cobrança','S',NULL,NULL)
INSERT INTO HD_PADTRANS VALUES ('DomSecGeral','Lyceum','Proc Evadidos','N',NULL,NULL)
INSERT INTO HD_PADTRANS VALUES ('DomSecGeral','Lyceum','Proc Fecha Periodo Letivo','N',NULL,NULL)
INSERT INTO HD_PADTRANS VALUES ('DomSecGeral','Lyceum','Proc Fechamento Parcial','N',NULL,NULL)
INSERT INTO HD_PADTRANS VALUES ('DomSecGeral','Lyceum','Proc Finaliza Turmas','N',NULL,NULL)
INSERT INTO HD_PADTRANS VALUES ('DomSecGeral','Lyceum','Proc Gera Agenda','N',NULL,NULL)
INSERT INTO HD_PADTRANS VALUES ('DomSecGeral','Lyceum','Proc Gera Boletos','S',NULL,NULL)
INSERT INTO HD_PADTRANS VALUES ('DomSecGeral','Lyceum','Proc Gera Calc Matr','S',NULL,NULL)
INSERT INTO HD_PADTRANS VALUES ('DomSecGeral','Lyceum','Proc Gera Cobranca','S',NULL,NULL)
INSERT INTO HD_PADTRANS VALUES ('DomSecGeral','Lyceum','Proc Gera Deb Aluno','S',NULL,NULL)
INSERT INTO HD_PADTRANS VALUES ('DomSecGeral','Lyceum','Proc Gera Item Lanc','S',NULL,NULL)
INSERT INTO HD_PADTRANS VALUES ('DomSecGeral','Lyceum','Proc Gera Num Chamada','N',NULL,NULL)
INSERT INTO HD_PADTRANS VALUES ('DomSecGeral','Lyceum','Proc Gera Serviços Extras','S',NULL,NULL)
INSERT INTO HD_PADTRANS VALUES ('DomSecGeral','Lyceum','Proc Imprime Form Notas','N',NULL,NULL)
INSERT INTO HD_PADTRANS VALUES ('DomSecGeral','Lyceum','Proc Jubilamento','N',NULL,NULL)
INSERT INTO HD_PADTRANS VALUES ('DomSecGeral','Lyceum','Proc Pre Matricula','N',NULL,NULL)
INSERT INTO HD_PADTRANS VALUES ('DomSecGeral','Lyceum','Proc Remove Bol/Desfaz Fatura','S',NULL,NULL)
INSERT INTO HD_PADTRANS VALUES ('DomSecGeral','Lyceum','Proc Remove Boletos','S',NULL,NULL)
INSERT INTO HD_PADTRANS VALUES ('DomSecGeral','Lyceum','Proc Remove Deb Lote','S',NULL,NULL)
INSERT INTO HD_PADTRANS VALUES ('DomSecGeral','Lyceum','Proc Remove Item Lanc','S',NULL,NULL)
INSERT INTO HD_PADTRANS VALUES ('DomSecGeral','Lyceum','Proc Remove Turmas','S',NULL,NULL)
INSERT INTO HD_PADTRANS VALUES ('DomSecGeral','Lyceum','Proc Rendimento','N',NULL,NULL)
INSERT INTO HD_PADTRANS VALUES ('DomSecGeral','Lyceum','Prorroga Dt Venc Cobr Resumo Financeiro','S',NULL,NULL)
INSERT INTO HD_PADTRANS VALUES ('DomSecGeral','Lyceum','Provas','N',NULL,NULL)
INSERT INTO HD_PADTRANS VALUES ('DomSecGeral','Lyceum','PSeletivo OnLine Candidato','N',NULL,NULL)
INSERT INTO HD_PADTRANS VALUES ('DomSecGeral','Lyceum','Regras Financeiras','N',NULL,NULL)
INSERT INTO HD_PADTRANS VALUES ('DomSecGeral','Lyceum','Relação de alunos','S',NULL,NULL)
INSERT INTO HD_PADTRANS VALUES ('DomSecGeral','Lyceum','Relacionamento Pessoa','S',NULL,NULL)
INSERT INTO HD_PADTRANS VALUES ('DomSecGeral','Lyceum','Relatorios','N',NULL,NULL)
INSERT INTO HD_PADTRANS VALUES ('DomSecGeral','Lyceum','Remoção Matrícula','N',NULL,NULL)
INSERT INTO HD_PADTRANS VALUES ('DomSecGeral','Lyceum','Remoção Pré-Matrícula','N',NULL,NULL)
INSERT INTO HD_PADTRANS VALUES ('DomSecGeral','Lyceum','Remove Agenda','N',NULL,NULL)
INSERT INTO HD_PADTRANS VALUES ('DomSecGeral','Lyceum','Remove Aviso Servico','S',NULL,NULL)
INSERT INTO HD_PADTRANS VALUES ('DomSecGeral','Lyceum','Remove Cobrança Resumo Financeiro','S',NULL,NULL)
INSERT INTO HD_PADTRANS VALUES ('DomSecGeral','Lyceum','Remove Contrato Aluno','N',NULL,NULL)
INSERT INTO HD_PADTRANS VALUES ('DomSecGeral','Lyceum','Remove Dívida Resumo Financeiro','S',NULL,NULL)
INSERT INTO HD_PADTRANS VALUES ('DomSecGeral','Lyceum','Remove Pagamento','S',NULL,NULL)
INSERT INTO HD_PADTRANS VALUES ('DomSecGeral','Lyceum','Rendimento','N',NULL,NULL)
INSERT INTO HD_PADTRANS VALUES ('DomSecGeral','Lyceum','Responsavel Financeiro','S',NULL,NULL)
INSERT INTO HD_PADTRANS VALUES ('DomSecGeral','Lyceum','Restricao Documento Curso','S',NULL,NULL)
INSERT INTO HD_PADTRANS VALUES ('DomSecGeral','Lyceum','Restricao Servico Curso','N',NULL,NULL)
INSERT INTO HD_PADTRANS VALUES ('DomSecGeral','Lyceum','Resumo do Aluno','N',NULL,NULL)
INSERT INTO HD_PADTRANS VALUES ('DomSecGeral','Lyceum','Resumo Financeiro','N',NULL,NULL)
INSERT INTO HD_PADTRANS VALUES ('DomSecGeral','Lyceum','Servico/Grupo Aluno','S',NULL,NULL)
INSERT INTO HD_PADTRANS VALUES ('DomSecGeral','Lyceum','Serviços Extras','S',NULL,NULL)
INSERT INTO HD_PADTRANS VALUES ('DomSecGeral','Lyceum','Servicos Solicitados','S',NULL,NULL)
INSERT INTO HD_PADTRANS VALUES ('DomSecGeral','Lyceum','Solicitacoes de Servicos','S',NULL,NULL)
INSERT INTO HD_PADTRANS VALUES ('DomSecGeral','Lyceum','Substituição/Enturmação de Disciplinas','N',NULL,NULL)
INSERT INTO HD_PADTRANS VALUES ('DomSecGeral','Lyceum','Tabela de Servicos','N',NULL,NULL)
INSERT INTO HD_PADTRANS VALUES ('DomSecGeral','Lyceum','Tipo Atividade Docente','N',NULL,NULL)
INSERT INTO HD_PADTRANS VALUES ('DomSecGeral','Lyceum','Tipo de Atividade','N',NULL,NULL)
INSERT INTO HD_PADTRANS VALUES ('DomSecGeral','Lyceum','Tipos de Ativ Compl','N',NULL,NULL)
INSERT INTO HD_PADTRANS VALUES ('DomSecGeral','Lyceum','Tipos de Dependencia','N',NULL,NULL)
INSERT INTO HD_PADTRANS VALUES ('DomSecGeral','Lyceum','Tipos de Disciplina','N',NULL,NULL)
INSERT INTO HD_PADTRANS VALUES ('DomSecGeral','Lyceum','Tipos de Ingresso','N',NULL,NULL)
INSERT INTO HD_PADTRANS VALUES ('DomSecGeral','Lyceum','Tipos de Instituicao','N',NULL,NULL)
INSERT INTO HD_PADTRANS VALUES ('DomSecGeral','Lyceum','Trancamento','N',NULL,NULL)
INSERT INTO HD_PADTRANS VALUES ('DomSecGeral','Lyceum','Transf. Turma','N',NULL,NULL)
INSERT INTO HD_PADTRANS VALUES ('DomSecGeral','Lyceum','Transferencia','N',NULL,NULL)
INSERT INTO HD_PADTRANS VALUES ('DomSecGeral','Lyceum','Transferência de Candidatos','N',NULL,NULL)
INSERT INTO HD_PADTRANS VALUES ('DomSecGeral','Lyceum','Transferencia de Unidade','N',NULL,NULL)
INSERT INTO HD_PADTRANS VALUES ('DomSecGeral','Lyceum','Troca de Disciplina','N',NULL,NULL)
INSERT INTO HD_PADTRANS VALUES ('DomSecGeral','Lyceum','Turma','N',NULL,NULL)
INSERT INTO HD_PADTRANS VALUES ('DomSecGeral','Lyceum','Turma Serie','N',NULL,NULL)
INSERT INTO HD_PADTRANS VALUES ('DomSecGeral','Lyceum','Turma-Agenda','N',NULL,NULL)
INSERT INTO HD_PADTRANS VALUES ('DomSecGeral','Lyceum','Turma-Assistente Ensino','N',NULL,NULL)
INSERT INTO HD_PADTRANS VALUES ('DomSecGeral','Lyceum','Turma-Associação Créditos','N',NULL,NULL)
INSERT INTO HD_PADTRANS VALUES ('DomSecGeral','Lyceum','Turma-Aulas Docente','N',NULL,NULL)
INSERT INTO HD_PADTRANS VALUES ('DomSecGeral','Lyceum','Turma-Avaliação','N',NULL,NULL)
INSERT INTO HD_PADTRANS VALUES ('DomSecGeral','Lyceum','Turma-Disciplina','N',NULL,NULL)
INSERT INTO HD_PADTRANS VALUES ('DomSecGeral','Lyceum','Turma-Docente','N',NULL,NULL)
INSERT INTO HD_PADTRANS VALUES ('DomSecGeral','Lyceum','Turma-Frequência','N',NULL,NULL)
INSERT INTO HD_PADTRANS VALUES ('DomSecGeral','Lyceum','Turma-Geral','N',NULL,NULL)
INSERT INTO HD_PADTRANS VALUES ('DomSecGeral','Lyceum','Turma-Grade','N',NULL,NULL)
INSERT INTO HD_PADTRANS VALUES ('DomSecGeral','Lyceum','Turma-Horário','N',NULL,NULL)
INSERT INTO HD_PADTRANS VALUES ('DomSecGeral','Lyceum','Turma-Plano Didático','N',NULL,NULL)
INSERT INTO HD_PADTRANS VALUES ('DomSecGeral','Lyceum','Turma-Prova','N',NULL,NULL)
INSERT INTO HD_PADTRANS VALUES ('DomSecGeral','Lyceum','Turma-Reserva Vaga','N',NULL,NULL)
INSERT INTO HD_PADTRANS VALUES ('DomSecGeral','Lyceum','Turma-ReservaVagas/TurmaPref','N',NULL,NULL)
INSERT INTO HD_PADTRANS VALUES ('DomSecGeral','Lyceum','Turmas','N',NULL,NULL)
INSERT INTO HD_PADTRANS VALUES ('DomSecGeral','Lyceum','turmas associadas','N',NULL,NULL)
INSERT INTO HD_PADTRANS VALUES ('DomSecGeral','Lyceum','Turmas associadas a Unidade Física','N',NULL,NULL)
INSERT INTO HD_PADTRANS VALUES ('DomSecGeral','Lyceum','Turmas por ano/período','N',NULL,NULL)
INSERT INTO HD_PADTRANS VALUES ('DomSecGeral','Lyceum','Turma-Subdisciplina/Tema','N',NULL,NULL)
INSERT INTO HD_PADTRANS VALUES ('DomSecGeral','Lyceum','Turnos','N',NULL,NULL)
INSERT INTO HD_PADTRANS VALUES ('DomSecGeral','Lyceum','Unidade de ensino','N',NULL,NULL)
INSERT INTO HD_PADTRANS VALUES ('DomSecGeral','Lyceum','Unidade física','N',NULL,NULL)
INSERT INTO HD_PADTRANS VALUES ('DomSecGeral','Lyceum','Unidades','N',NULL,NULL)

GO

/*Insert de Padrão de Acesso: Relatórios*/

--DELETE FROM HD_PADREL WHERE PADACES = 'DomAtend'
--DELETE FROM HD_PADREL WHERE PADACES = 'DomSecret'
--DELETE FROM HD_PADREL WHERE PADACES = 'DomSecGeral'
--GO

INSERT INTO HD_PADREL VALUES ('DomAtend','Lyceum','Academico','AcaAluDiscReprov')
INSERT INTO HD_PADREL VALUES ('DomAtend','Lyceum','Academico','AcaAluDocPend')
INSERT INTO HD_PADREL VALUES ('DomAtend','Lyceum','Academico','AcaAlunosCancTrancCurso')
INSERT INTO HD_PADREL VALUES ('DomAtend','Lyceum','Academico','AcaAluPagantesSemTurma')
INSERT INTO HD_PADREL VALUES ('DomAtend','Lyceum','Academico','AcaAnexosContrato')
INSERT INTO HD_PADREL VALUES ('DomAtend','Lyceum','Academico','AcaAniversariantes')
INSERT INTO HD_PADREL VALUES ('DomAtend','Lyceum','Academico','AcaAprovado')
INSERT INTO HD_PADREL VALUES ('DomAtend','Lyceum','Academico','AcaAtaExame')
INSERT INTO HD_PADREL VALUES ('DomAtend','Lyceum','Academico','AcaAtaFinal')
INSERT INTO HD_PADREL VALUES ('DomAtend','Lyceum','Academico','AcaAtaFinalTurma')
INSERT INTO HD_PADREL VALUES ('DomAtend','Lyceum','Academico','AcaAtestAprendiz')
INSERT INTO HD_PADREL VALUES ('DomAtend','Lyceum','Academico','AcaAtestFreq')
INSERT INTO HD_PADREL VALUES ('DomAtend','Lyceum','Academico','AcaAtestFreqNota')
INSERT INTO HD_PADREL VALUES ('DomAtend','Lyceum','Academico','AcaAtestMatr')
INSERT INTO HD_PADREL VALUES ('DomAtend','Lyceum','Academico','AcaAtestMatrHor')
INSERT INTO HD_PADREL VALUES ('DomAtend','Lyceum','Academico','AcaAtestPreMatr')
INSERT INTO HD_PADREL VALUES ('DomAtend','Lyceum','Academico','AcaAtestPreMatr2')
INSERT INTO HD_PADREL VALUES ('DomAtend','Lyceum','Academico','AcaAtivos')
INSERT INTO HD_PADREL VALUES ('DomAtend','Lyceum','Academico','AcaAtivosFacul')
INSERT INTO HD_PADREL VALUES ('DomAtend','Lyceum','Academico','AcaBoletim')
INSERT INTO HD_PADREL VALUES ('DomAtend','Lyceum','Academico','AcaBoletimAnterior')
INSERT INTO HD_PADREL VALUES ('DomAtend','Lyceum','Academico','AcaBoletimFreqSerie')
INSERT INTO HD_PADREL VALUES ('DomAtend','Lyceum','Academico','AcaCertColacao')
INSERT INTO HD_PADREL VALUES ('DomAtend','Lyceum','Academico','AcaCidadeOrigem')
INSERT INTO HD_PADREL VALUES ('DomAtend','Lyceum','Academico','AcaConsNotasFaltas')
INSERT INTO HD_PADREL VALUES ('DomAtend','Lyceum','Academico','AcaContrato')
INSERT INTO HD_PADREL VALUES ('DomAtend','Lyceum','Academico','AcaContratoCR')
INSERT INTO HD_PADREL VALUES ('DomAtend','Lyceum','Academico','AcaCreditosTotal')
INSERT INTO HD_PADREL VALUES ('DomAtend','Lyceum','Academico','AcaDemandaVagas')
INSERT INTO HD_PADREL VALUES ('DomAtend','Lyceum','Academico','AcaDiscPend')
INSERT INTO HD_PADREL VALUES ('DomAtend','Lyceum','Academico','AcaDividaBibli')
INSERT INTO HD_PADREL VALUES ('DomAtend','Lyceum','Academico','AcaEleicDiretorio')
INSERT INTO HD_PADREL VALUES ('DomAtend','Lyceum','Academico','AcaEstatAprov')
INSERT INTO HD_PADREL VALUES ('DomAtend','Lyceum','Academico','AcaEtiqFormados')
INSERT INTO HD_PADREL VALUES ('DomAtend','Lyceum','Academico','AcaFichaAluno')
INSERT INTO HD_PADREL VALUES ('DomAtend','Lyceum','Academico','AcaFormandosCurso')
INSERT INTO HD_PADREL VALUES ('DomAtend','Lyceum','Academico','AcaFormCurso')
INSERT INTO HD_PADREL VALUES ('DomAtend','Lyceum','Academico','AcaFormCursoEnder')
INSERT INTO HD_PADREL VALUES ('DomAtend','Lyceum','Academico','AcaFormPerLetivo')
INSERT INTO HD_PADREL VALUES ('DomAtend','Lyceum','Academico','AcaHistoricoFreqSerie')
INSERT INTO HD_PADREL VALUES ('DomAtend','Lyceum','Academico','AcaHistoricoMBA')
INSERT INTO HD_PADREL VALUES ('DomAtend','Lyceum','Academico','AcaHistoricoMBA2')
INSERT INTO HD_PADREL VALUES ('DomAtend','Lyceum','Academico','AcaHistoricoParcial')
INSERT INTO HD_PADREL VALUES ('DomAtend','Lyceum','Academico','AcaHorarioAula')
INSERT INTO HD_PADREL VALUES ('DomAtend','Lyceum','Academico','AcaIngreAluPeriodo')
INSERT INTO HD_PADREL VALUES ('DomAtend','Lyceum','Academico','AcaIngrePeriodoOrigem')
INSERT INTO HD_PADREL VALUES ('DomAtend','Lyceum','Academico','AcaIngreTransf')
INSERT INTO HD_PADREL VALUES ('DomAtend','Lyceum','Academico','AcaLivroMatr')
INSERT INTO HD_PADREL VALUES ('DomAtend','Lyceum','Academico','AcaMapaEvasao')
INSERT INTO HD_PADREL VALUES ('DomAtend','Lyceum','Academico','AcaMatrAlfa')
INSERT INTO HD_PADREL VALUES ('DomAtend','Lyceum','Academico','AcaMatrCurso')
INSERT INTO HD_PADREL VALUES ('DomAtend','Lyceum','Academico','AcaMatrEnderAlfa')
INSERT INTO HD_PADREL VALUES ('DomAtend','Lyceum','Academico','AcaMatrNum')
INSERT INTO HD_PADREL VALUES ('DomAtend','Lyceum','Academico','AcaPedidoDiploma')
INSERT INTO HD_PADREL VALUES ('DomAtend','Lyceum','Academico','AcaPreMatric')
INSERT INTO HD_PADREL VALUES ('DomAtend','Lyceum','Academico','AcaPreMatricSemTurma')
INSERT INTO HD_PADREL VALUES ('DomAtend','Lyceum','Academico','AcaReqMatricula')
INSERT INTO HD_PADREL VALUES ('DomAtend','Lyceum','Academico','AcaRevalidaVest')
INSERT INTO HD_PADREL VALUES ('DomAtend','Lyceum','Academico','AcaSemMatricPre')
INSERT INTO HD_PADREL VALUES ('DomAtend','Lyceum','Academico','AcaSemMatricula')
INSERT INTO HD_PADREL VALUES ('DomAtend','Lyceum','Academico','AcaSemRegVest')
INSERT INTO HD_PADREL VALUES ('DomAtend','Lyceum','Academico','AcaSituacaoTurma')
INSERT INTO HD_PADREL VALUES ('DomAtend','Lyceum','Academico','AcaTrancCur')
INSERT INTO HD_PADREL VALUES ('DomAtend','Lyceum','Academico','AcaTrancMatr')
INSERT INTO HD_PADREL VALUES ('DomAtend','Lyceum','Academico','AcaTransf')
INSERT INTO HD_PADREL VALUES ('DomAtend','Lyceum','Academico','AcaTransfExtDestino')
INSERT INTO HD_PADREL VALUES ('DomAtend','Lyceum','Academico','AcaTurma')
INSERT INTO HD_PADREL VALUES ('DomAtend','Lyceum','Academico','AcaTurmaNotas')
INSERT INTO HD_PADREL VALUES ('DomAtend','Lyceum','Academico','AcaTurmaRepFechamento')
INSERT INTO HD_PADREL VALUES ('DomAtend','Lyceum','Academico','AcaTurmaReprov')
INSERT INTO HD_PADREL VALUES ('DomAtend','Lyceum','Academico','AcaTurmaTels')
INSERT INTO HD_PADREL VALUES ('DomAtend','Lyceum','Academico','AgendaSubDiscipEspec')
INSERT INTO HD_PADREL VALUES ('DomAtend','Lyceum','Academico','AlunosAprovados')
INSERT INTO HD_PADREL VALUES ('DomAtend','Lyceum','Academico','AlunosAtivosTurma')
INSERT INTO HD_PADREL VALUES ('DomAtend','Lyceum','Academico','AlunosCreditosAdicionais')
INSERT INTO HD_PADREL VALUES ('DomAtend','Lyceum','Academico','AlunosDesempenho')
INSERT INTO HD_PADREL VALUES ('DomAtend','Lyceum','Academico','AlunosFaixaDesempenho')
INSERT INTO HD_PADREL VALUES ('DomAtend','Lyceum','Academico','AlunosFormandos')
INSERT INTO HD_PADREL VALUES ('DomAtend','Lyceum','Academico','AlunosIngressantes')
INSERT INTO HD_PADREL VALUES ('DomAtend','Lyceum','Academico','AlunosJubilados')
INSERT INTO HD_PADREL VALUES ('DomAtend','Lyceum','Academico','AlunosMatriculadosTurma')
INSERT INTO HD_PADREL VALUES ('DomAtend','Lyceum','Academico','AlunosMatriculaRemanejamento')
INSERT INTO HD_PADREL VALUES ('DomAtend','Lyceum','Academico','AlunosNaoMatriculados')
INSERT INTO HD_PADREL VALUES ('DomAtend','Lyceum','Academico','AreaAtuacaoEstagio')
INSERT INTO HD_PADREL VALUES ('DomAtend','Lyceum','Academico','AtestFrequencia')
INSERT INTO HD_PADREL VALUES ('DomAtend','Lyceum','Academico','AtestMatAluno')
INSERT INTO HD_PADREL VALUES ('DomAtend','Lyceum','Academico','AtestMatr')
INSERT INTO HD_PADREL VALUES ('DomAtend','Lyceum','Academico','CargaCumpridaAluno')
INSERT INTO HD_PADREL VALUES ('DomAtend','Lyceum','Academico','CargaTrabalho')
INSERT INTO HD_PADREL VALUES ('DomAtend','Lyceum','Academico','ConclMestreDoutor')
INSERT INTO HD_PADREL VALUES ('DomAtend','Lyceum','Academico','ControleFrequencia')
INSERT INTO HD_PADREL VALUES ('DomAtend','Lyceum','Academico','ControleLancNotas')
INSERT INTO HD_PADREL VALUES ('DomAtend','Lyceum','Academico','ControleQuantidade')
INSERT INTO HD_PADREL VALUES ('DomAtend','Lyceum','Academico','CursoGrade')
INSERT INTO HD_PADREL VALUES ('DomAtend','Lyceum','Academico','DadosCadastrais')
INSERT INTO HD_PADREL VALUES ('DomAtend','Lyceum','Academico','DiariosClasse')
INSERT INTO HD_PADREL VALUES ('DomAtend','Lyceum','Academico','DiscObrigRepAluno')
INSERT INTO HD_PADREL VALUES ('DomAtend','Lyceum','Academico','DiscRepAluno')
INSERT INTO HD_PADREL VALUES ('DomAtend','Lyceum','Academico','DivulgSegChamada')
INSERT INTO HD_PADREL VALUES ('DomAtend','Lyceum','Academico','DocenteDetalhamento')
INSERT INTO HD_PADREL VALUES ('DomAtend','Lyceum','Academico','EstagioExtraCurricularAberto')
INSERT INTO HD_PADREL VALUES ('DomAtend','Lyceum','Academico','EstagiosPendentes')
INSERT INTO HD_PADREL VALUES ('DomAtend','Lyceum','Academico','EstatisticaDisciplina')
INSERT INTO HD_PADREL VALUES ('DomAtend','Lyceum','Academico','EstatisticaDocente')
INSERT INTO HD_PADREL VALUES ('DomAtend','Lyceum','Academico','Etiquetas')
INSERT INTO HD_PADREL VALUES ('DomAtend','Lyceum','Academico','FormadosSemDataColacao')
INSERT INTO HD_PADREL VALUES ('DomAtend','Lyceum','Academico','FreqDocenteSint')
INSERT INTO HD_PADREL VALUES ('DomAtend','Lyceum','Academico','GradesDisciplina')
INSERT INTO HD_PADREL VALUES ('DomAtend','Lyceum','Academico','HistoricoEscolar')
INSERT INTO HD_PADREL VALUES ('DomAtend','Lyceum','Academico','HorDiscipPreReq')
INSERT INTO HD_PADREL VALUES ('DomAtend','Lyceum','Academico','ListaAlunosDetalhes')
INSERT INTO HD_PADREL VALUES ('DomAtend','Lyceum','Academico','ListaDiscipDadosAluno')
INSERT INTO HD_PADREL VALUES ('DomAtend','Lyceum','Academico','ListaPresSegChamada')
INSERT INTO HD_PADREL VALUES ('DomAtend','Lyceum','Academico','MapaDadosAluno')
INSERT INTO HD_PADREL VALUES ('DomAtend','Lyceum','Academico','MediaTurmaDisciplina')
INSERT INTO HD_PADREL VALUES ('DomAtend','Lyceum','Academico','MonTutCoordAlocEspec')
INSERT INTO HD_PADREL VALUES ('DomAtend','Lyceum','Academico','PlanoEnsino')
INSERT INTO HD_PADREL VALUES ('DomAtend','Lyceum','Academico','Professores')
INSERT INTO HD_PADREL VALUES ('DomAtend','Lyceum','Academico','ProvasFinais')
INSERT INTO HD_PADREL VALUES ('DomAtend','Lyceum','Academico','QuadroDocentes')
INSERT INTO HD_PADREL VALUES ('DomAtend','Lyceum','Academico','QuadroHorario')
INSERT INTO HD_PADREL VALUES ('DomAtend','Lyceum','Academico','RegistroEntregaEstagio')
INSERT INTO HD_PADREL VALUES ('DomAtend','Lyceum','Academico','RelacaoAlunos')
INSERT INTO HD_PADREL VALUES ('DomAtend','Lyceum','Academico','RelacaoAlunosDocumentos')
INSERT INTO HD_PADREL VALUES ('DomAtend','Lyceum','Academico','RelacaoAlunosMedia')
INSERT INTO HD_PADREL VALUES ('DomAtend','Lyceum','Academico','RelacaoCalouros')
INSERT INTO HD_PADREL VALUES ('DomAtend','Lyceum','Academico','RelacaoDiscentes')
INSERT INTO HD_PADREL VALUES ('DomAtend','Lyceum','Academico','RelacaoDiscNivel')
INSERT INTO HD_PADREL VALUES ('DomAtend','Lyceum','Academico','RelacaoEmpresaEstagio')
INSERT INTO HD_PADREL VALUES ('DomAtend','Lyceum','Academico','RelAlunosContato')
INSERT INTO HD_PADREL VALUES ('DomAtend','Lyceum','Academico','RelAlunosIdade')
INSERT INTO HD_PADREL VALUES ('DomAtend','Lyceum','Academico','RelFormandosDadosDiploma')
INSERT INTO HD_PADREL VALUES ('DomAtend','Lyceum','Academico','RelOficialNotas')
INSERT INTO HD_PADREL VALUES ('DomAtend','Lyceum','Academico','SitDocumentoEstagio')
INSERT INTO HD_PADREL VALUES ('DomAtend','Lyceum','Academico','SolicitDiploma')
INSERT INTO HD_PADREL VALUES ('DomAtend','Lyceum','Academico','TotalAlunosDiscipCursoPer')
INSERT INTO HD_PADREL VALUES ('DomAtend','Lyceum','Academico','TotalPorEntrada')
INSERT INTO HD_PADREL VALUES ('DomAtend','Lyceum','Academico','TrabConclPos')
INSERT INTO HD_PADREL VALUES ('DomAtend','Lyceum','Academico','TrancamentoPeriodoLetivo')
INSERT INTO HD_PADREL VALUES ('DomAtend','Lyceum','Academico','TurmaInformacao')
INSERT INTO HD_PADREL VALUES ('DomAtend','Lyceum','Academico','TurmaPeriodo')
INSERT INTO HD_PADREL VALUES ('DomAtend','Lyceum','AcademicoHistorico','RegistroEntregaEstagio')
INSERT INTO HD_PADREL VALUES ('DomAtend','Lyceum','AcademicoIngresso','AlunosSemEnturmacao')
INSERT INTO HD_PADREL VALUES ('DomAtend','Lyceum','AcademicoIngresso','Carteirinha')
INSERT INTO HD_PADREL VALUES ('DomAtend','Lyceum','AcademicoIngresso','IngressantesSET')
INSERT INTO HD_PADREL VALUES ('DomAtend','Lyceum','Basico','BasCursos')
INSERT INTO HD_PADREL VALUES ('DomAtend','Lyceum','Basico','BasUnidades')
INSERT INTO HD_PADREL VALUES ('DomAtend','Lyceum','CurrHor','CurCoincHorario')
INSERT INTO HD_PADREL VALUES ('DomAtend','Lyceum','CurrHor','CurDiarioEletronico')
INSERT INTO HD_PADREL VALUES ('DomAtend','Lyceum','CurrHor','CurDiscCurr')
INSERT INTO HD_PADREL VALUES ('DomAtend','Lyceum','CurrHor','CurDiscFacul')
INSERT INTO HD_PADREL VALUES ('DomAtend','Lyceum','CurrHor','CurDiscFaculGeral')
INSERT INTO HD_PADREL VALUES ('DomAtend','Lyceum','CurrHor','CurDiscGeral')
INSERT INTO HD_PADREL VALUES ('DomAtend','Lyceum','CurrHor','CurDiscPend')
INSERT INTO HD_PADREL VALUES ('DomAtend','Lyceum','CurrHor','CurDocente')
INSERT INTO HD_PADREL VALUES ('DomAtend','Lyceum','CurrHor','CurEquivalCurr')
INSERT INTO HD_PADREL VALUES ('DomAtend','Lyceum','CurrHor','CurGradeDet')
INSERT INTO HD_PADREL VALUES ('DomAtend','Lyceum','CurrHor','CurListPresencaDocente')
INSERT INTO HD_PADREL VALUES ('DomAtend','Lyceum','CurrHor','CurMapaVagasCurso')
INSERT INTO HD_PADREL VALUES ('DomAtend','Lyceum','CurrHor','CurMatrPreReq')
INSERT INTO HD_PADREL VALUES ('DomAtend','Lyceum','CurrHor','CurrTurmasOfertadas')
INSERT INTO HD_PADREL VALUES ('DomAtend','Lyceum','CurrHor','CurTurmaAnoSem')
INSERT INTO HD_PADREL VALUES ('DomAtend','Lyceum','CurrHor','CurTurmaOcup')
INSERT INTO HD_PADREL VALUES ('DomAtend','Lyceum','CurriculoGrade','GradeCurricularDet')
INSERT INTO HD_PADREL VALUES ('DomAtend','Lyceum','CurriculoGrade','RelacaoAluDiscGrade')
INSERT INTO HD_PADREL VALUES ('DomAtend','Lyceum','CurriculoTurmaHor','TurmaSemHorarioDoc')
INSERT INTO HD_PADREL VALUES ('DomAtend','Lyceum','Financeiro','AnaliticoCobranca')
INSERT INTO HD_PADREL VALUES ('DomAtend','Lyceum','Financeiro','ConfParcelaGerada')
INSERT INTO HD_PADREL VALUES ('DomAtend','Lyceum','Financeiro','DeclaracaoImpRenda')
INSERT INTO HD_PADREL VALUES ('DomAtend','Lyceum','Financeiro','FinAlunosValoMaior')
INSERT INTO HD_PADREL VALUES ('DomAtend','Lyceum','Financeiro','FinBoletosAluno')
INSERT INTO HD_PADREL VALUES ('DomAtend','Lyceum','Financeiro','FinBoletosCompetencia')
INSERT INTO HD_PADREL VALUES ('DomAtend','Lyceum','Financeiro','FinBoletosDtPagto')
INSERT INTO HD_PADREL VALUES ('DomAtend','Lyceum','Financeiro','FinBolsaAluno')
INSERT INTO HD_PADREL VALUES ('DomAtend','Lyceum','Financeiro','FinBolsaAlunosTipo')
INSERT INTO HD_PADREL VALUES ('DomAtend','Lyceum','Financeiro','FinCartaChequeDev')
INSERT INTO HD_PADREL VALUES ('DomAtend','Lyceum','Financeiro','FinCartaCobranca')
INSERT INTO HD_PADREL VALUES ('DomAtend','Lyceum','Financeiro','FinChPromocional')
INSERT INTO HD_PADREL VALUES ('DomAtend','Lyceum','Financeiro','FinChqRecebidos')
INSERT INTO HD_PADREL VALUES ('DomAtend','Lyceum','Financeiro','FinCompCanceProt_Jud')
INSERT INTO HD_PADREL VALUES ('DomAtend','Lyceum','Financeiro','FinComprCredito')
INSERT INTO HD_PADREL VALUES ('DomAtend','Lyceum','Financeiro','FinDebAluno')
INSERT INTO HD_PADREL VALUES ('DomAtend','Lyceum','Financeiro','FinDividaPeriodo')
INSERT INTO HD_PADREL VALUES ('DomAtend','Lyceum','Financeiro','FinDividaPerUnidFis')
INSERT INTO HD_PADREL VALUES ('DomAtend','Lyceum','Financeiro','FinDivPerResumo')
INSERT INTO HD_PADREL VALUES ('DomAtend','Lyceum','Financeiro','FinErroMovimento')
INSERT INTO HD_PADREL VALUES ('DomAtend','Lyceum','Financeiro','FinInadimplentes')
INSERT INTO HD_PADREL VALUES ('DomAtend','Lyceum','Financeiro','FinInfoAluno')
INSERT INTO HD_PADREL VALUES ('DomAtend','Lyceum','Financeiro','FinInfoAluSintetico')
INSERT INTO HD_PADREL VALUES ('DomAtend','Lyceum','Financeiro','FinLancDeb')
INSERT INTO HD_PADREL VALUES ('DomAtend','Lyceum','Financeiro','FinMovimCheque')
INSERT INTO HD_PADREL VALUES ('DomAtend','Lyceum','Financeiro','FinNotaPromissoria')
INSERT INTO HD_PADREL VALUES ('DomAtend','Lyceum','Financeiro','FinNPAcordoJudic')
INSERT INTO HD_PADREL VALUES ('DomAtend','Lyceum','Financeiro','FinRecebPer')
INSERT INTO HD_PADREL VALUES ('DomAtend','Lyceum','Financeiro','FinRecebPerCur')
INSERT INTO HD_PADREL VALUES ('DomAtend','Lyceum','Financeiro','FinRecebPerUnidadeFisica')
INSERT INTO HD_PADREL VALUES ('DomAtend','Lyceum','Financeiro','FinRelBolsa')
INSERT INTO HD_PADREL VALUES ('DomAtend','Lyceum','Financeiro','FinRelChqsDev')
INSERT INTO HD_PADREL VALUES ('DomAtend','Lyceum','Financeiro','FinTitulosAVencer')
INSERT INTO HD_PADREL VALUES ('DomAtend','Lyceum','Financeiro','FinTotalTipoCredito')
INSERT INTO HD_PADREL VALUES ('DomAtend','Lyceum','Financeiro','FinTotCheqPreDatadosRec')
INSERT INTO HD_PADREL VALUES ('DomAtend','Lyceum','Financeiro','FinTotCheqPromocionalRec')
INSERT INTO HD_PADREL VALUES ('DomAtend','Lyceum','Financeiro','FinTotChequePreDatados')
INSERT INTO HD_PADREL VALUES ('DomAtend','Lyceum','Financeiro','FinTotChequePromocional')
INSERT INTO HD_PADREL VALUES ('DomAtend','Lyceum','Financeiro','FluxoCaixa')
INSERT INTO HD_PADREL VALUES ('DomAtend','Lyceum','Financeiro','FluxoCaixaDet')
INSERT INTO HD_PADREL VALUES ('DomAtend','Lyceum','Financeiro','Inadimplentes')
INSERT INTO HD_PADREL VALUES ('DomAtend','Lyceum','Financeiro','PlanoPagamento')
INSERT INTO HD_PADREL VALUES ('DomAtend','Lyceum','Financeiro','PosicaoDevedores')
INSERT INTO HD_PADREL VALUES ('DomAtend','Lyceum','Financeiro','PrevisaoRecebimentos')
INSERT INTO HD_PADREL VALUES ('DomAtend','Lyceum','Financeiro','ReceitasCompetencia')
INSERT INTO HD_PADREL VALUES ('DomAtend','Lyceum','Financeiro','RelacaoAlunosIngr')
INSERT INTO HD_PADREL VALUES ('DomAtend','Lyceum','Financeiro','RelArrecadacaoAnalitico')
INSERT INTO HD_PADREL VALUES ('DomAtend','Lyceum','Financeiro','RelArrecadacaoSintetico')
INSERT INTO HD_PADREL VALUES ('DomAtend','Lyceum','Financeiro','RelParcelas')
INSERT INTO HD_PADREL VALUES ('DomAtend','Lyceum','Financeiro','RelParcelasComp')
INSERT INTO HD_PADREL VALUES ('DomAtend','Lyceum','Financeiro','SinteticoCobranca')
INSERT INTO HD_PADREL VALUES ('DomAtend','Lyceum','FinanceiroBolsa','AlunosBolsa')
INSERT INTO HD_PADREL VALUES ('DomAtend','Lyceum','FinanceiroBolsa','AlunosComBolsaEstudosCurso')
INSERT INTO HD_PADREL VALUES ('DomAtend','Lyceum','Serviços','SerAndamentos')
INSERT INTO HD_PADREL VALUES ('DomAtend','Lyceum','Serviços','SerStatusAndamentos')
INSERT INTO HD_PADREL VALUES ('DomAtend','Lyceum','Serviços','SrvProtocolo')
INSERT INTO HD_PADREL VALUES ('DomAtend','Lyceum','Vestibular','VesCandidatosporVaga')
INSERT INTO HD_PADREL VALUES ('DomAtend','Lyceum','Vestibular','VesClassifAlfa')
INSERT INTO HD_PADREL VALUES ('DomAtend','Lyceum','Vestibular','VesClassifCurso')
INSERT INTO HD_PADREL VALUES ('DomAtend','Lyceum','Vestibular','VesClassifOpcao')
INSERT INTO HD_PADREL VALUES ('DomAtend','Lyceum','Vestibular','VesConfigConcurso')
INSERT INTO HD_PADREL VALUES ('DomAtend','Lyceum','Vestibular','VesConfigSalas')
INSERT INTO HD_PADREL VALUES ('DomAtend','Lyceum','Vestibular','VesConvConcurso')
INSERT INTO HD_PADREL VALUES ('DomAtend','Lyceum','Vestibular','VesConvCurso')
INSERT INTO HD_PADREL VALUES ('DomAtend','Lyceum','Vestibular','VesConvocados')
INSERT INTO HD_PADREL VALUES ('DomAtend','Lyceum','Vestibular','VesEstatPreMatr')
INSERT INTO HD_PADREL VALUES ('DomAtend','Lyceum','Vestibular','VesEtiqCarteira')
INSERT INTO HD_PADREL VALUES ('DomAtend','Lyceum','Vestibular','VesEtiqCarteira2C')
INSERT INTO HD_PADREL VALUES ('DomAtend','Lyceum','Vestibular','VesEtiqIdentidade')
INSERT INTO HD_PADREL VALUES ('DomAtend','Lyceum','Vestibular','VesEtiqMalaDireta')
INSERT INTO HD_PADREL VALUES ('DomAtend','Lyceum','Vestibular','VesFolhaRedacao')
INSERT INTO HD_PADREL VALUES ('DomAtend','Lyceum','Vestibular','VesGeralAlfa')
INSERT INTO HD_PADREL VALUES ('DomAtend','Lyceum','Vestibular','VesInscrAlfa')
INSERT INTO HD_PADREL VALUES ('DomAtend','Lyceum','Vestibular','VesInscrCanhoto')
INSERT INTO HD_PADREL VALUES ('DomAtend','Lyceum','Vestibular','VesInscrCursoSexo')
INSERT INTO HD_PADREL VALUES ('DomAtend','Lyceum','Vestibular','VesInscritos')
INSERT INTO HD_PADREL VALUES ('DomAtend','Lyceum','Vestibular','VesInscrLingua')
INSERT INTO HD_PADREL VALUES ('DomAtend','Lyceum','Vestibular','VesInscrSala')
INSERT INTO HD_PADREL VALUES ('DomAtend','Lyceum','Vestibular','VesInscrSalaEsp')
INSERT INTO HD_PADREL VALUES ('DomAtend','Lyceum','Vestibular','VesInscrSalaFreq')
INSERT INTO HD_PADREL VALUES ('DomAtend','Lyceum','Vestibular','VesListaEspera')
INSERT INTO HD_PADREL VALUES ('DomAtend','Lyceum','Vestibular','VesNotasBrutas')
INSERT INTO HD_PADREL VALUES ('DomAtend','Lyceum','Vestibular','VesNotasIndiv')
INSERT INTO HD_PADREL VALUES ('DomAtend','Lyceum','Vestibular','VesNotasPadroniz')
INSERT INTO HD_PADREL VALUES ('DomAtend','Lyceum','Vestibular','VesNotasPontos')
INSERT INTO HD_PADREL VALUES ('DomAtend','Lyceum','Vestibular','VesSalasNumCandidatos')
INSERT INTO HD_PADREL VALUES ('DomAtend','Lyceum','Vestibular','VesSemOpcao')
INSERT INTO HD_PADREL VALUES ('DomSecret','Lyceum','Academico','AcaAluDiscReprov')
INSERT INTO HD_PADREL VALUES ('DomSecret','Lyceum','Academico','AcaAluDocPend')
INSERT INTO HD_PADREL VALUES ('DomSecret','Lyceum','Academico','AcaAlunosCancTrancCurso')
INSERT INTO HD_PADREL VALUES ('DomSecret','Lyceum','Academico','AcaAluPagantesSemTurma')
INSERT INTO HD_PADREL VALUES ('DomSecret','Lyceum','Academico','AcaAnexosContrato')
INSERT INTO HD_PADREL VALUES ('DomSecret','Lyceum','Academico','AcaAniversariantes')
INSERT INTO HD_PADREL VALUES ('DomSecret','Lyceum','Academico','AcaAprovado')
INSERT INTO HD_PADREL VALUES ('DomSecret','Lyceum','Academico','AcaAtaExame')
INSERT INTO HD_PADREL VALUES ('DomSecret','Lyceum','Academico','AcaAtaFinal')
INSERT INTO HD_PADREL VALUES ('DomSecret','Lyceum','Academico','AcaAtaFinalTurma')
INSERT INTO HD_PADREL VALUES ('DomSecret','Lyceum','Academico','AcaAtestAprendiz')
INSERT INTO HD_PADREL VALUES ('DomSecret','Lyceum','Academico','AcaAtestFreq')
INSERT INTO HD_PADREL VALUES ('DomSecret','Lyceum','Academico','AcaAtestFreqNota')
INSERT INTO HD_PADREL VALUES ('DomSecret','Lyceum','Academico','AcaAtestMatr')
INSERT INTO HD_PADREL VALUES ('DomSecret','Lyceum','Academico','AcaAtestMatrHor')
INSERT INTO HD_PADREL VALUES ('DomSecret','Lyceum','Academico','AcaAtestPreMatr')
INSERT INTO HD_PADREL VALUES ('DomSecret','Lyceum','Academico','AcaAtestPreMatr2')
INSERT INTO HD_PADREL VALUES ('DomSecret','Lyceum','Academico','AcaAtivos')
INSERT INTO HD_PADREL VALUES ('DomSecret','Lyceum','Academico','AcaAtivosFacul')
INSERT INTO HD_PADREL VALUES ('DomSecret','Lyceum','Academico','AcaBoletim')
INSERT INTO HD_PADREL VALUES ('DomSecret','Lyceum','Academico','AcaBoletimAnterior')
INSERT INTO HD_PADREL VALUES ('DomSecret','Lyceum','Academico','AcaBoletimFreqSerie')
INSERT INTO HD_PADREL VALUES ('DomSecret','Lyceum','Academico','AcaCertColacao')
INSERT INTO HD_PADREL VALUES ('DomSecret','Lyceum','Academico','AcaCidadeOrigem')
INSERT INTO HD_PADREL VALUES ('DomSecret','Lyceum','Academico','AcaConsNotasFaltas')
INSERT INTO HD_PADREL VALUES ('DomSecret','Lyceum','Academico','AcaContrato')
INSERT INTO HD_PADREL VALUES ('DomSecret','Lyceum','Academico','AcaContratoCR')
INSERT INTO HD_PADREL VALUES ('DomSecret','Lyceum','Academico','AcaCreditosTotal')
INSERT INTO HD_PADREL VALUES ('DomSecret','Lyceum','Academico','AcaDemandaVagas')
INSERT INTO HD_PADREL VALUES ('DomSecret','Lyceum','Academico','AcaDiscPend')
INSERT INTO HD_PADREL VALUES ('DomSecret','Lyceum','Academico','AcaDividaBibli')
INSERT INTO HD_PADREL VALUES ('DomSecret','Lyceum','Academico','AcaEleicDiretorio')
INSERT INTO HD_PADREL VALUES ('DomSecret','Lyceum','Academico','AcaEstatAprov')
INSERT INTO HD_PADREL VALUES ('DomSecret','Lyceum','Academico','AcaEtiqFormados')
INSERT INTO HD_PADREL VALUES ('DomSecret','Lyceum','Academico','AcaFichaAluno')
INSERT INTO HD_PADREL VALUES ('DomSecret','Lyceum','Academico','AcaFormandosCurso')
INSERT INTO HD_PADREL VALUES ('DomSecret','Lyceum','Academico','AcaFormCurso')
INSERT INTO HD_PADREL VALUES ('DomSecret','Lyceum','Academico','AcaFormCursoEnder')
INSERT INTO HD_PADREL VALUES ('DomSecret','Lyceum','Academico','AcaFormPerLetivo')
INSERT INTO HD_PADREL VALUES ('DomSecret','Lyceum','Academico','AcaHistorico')
INSERT INTO HD_PADREL VALUES ('DomSecret','Lyceum','Academico','AcaHistoricoExt')
INSERT INTO HD_PADREL VALUES ('DomSecret','Lyceum','Academico','AcaHistoricoExt-UniJorge')
INSERT INTO HD_PADREL VALUES ('DomSecret','Lyceum','Academico','AcaHistoricoFreqSerie')
INSERT INTO HD_PADREL VALUES ('DomSecret','Lyceum','Academico','AcaHistoricoMBA')
INSERT INTO HD_PADREL VALUES ('DomSecret','Lyceum','Academico','AcaHistoricoMBA2')
INSERT INTO HD_PADREL VALUES ('DomSecret','Lyceum','Academico','AcaHistoricoParcial')
INSERT INTO HD_PADREL VALUES ('DomSecret','Lyceum','Academico','AcaHorarioAula')
INSERT INTO HD_PADREL VALUES ('DomSecret','Lyceum','Academico','AcaIngreAluPeriodo')
INSERT INTO HD_PADREL VALUES ('DomSecret','Lyceum','Academico','AcaIngrePeriodoOrigem')
INSERT INTO HD_PADREL VALUES ('DomSecret','Lyceum','Academico','AcaIngreTransf')
INSERT INTO HD_PADREL VALUES ('DomSecret','Lyceum','Academico','AcaListaDisciplinasGrade')
INSERT INTO HD_PADREL VALUES ('DomSecret','Lyceum','Academico','AcaLivroMatr')
INSERT INTO HD_PADREL VALUES ('DomSecret','Lyceum','Academico','AcaMapaEvasao')
INSERT INTO HD_PADREL VALUES ('DomSecret','Lyceum','Academico','AcaMatrAlfa')
INSERT INTO HD_PADREL VALUES ('DomSecret','Lyceum','Academico','AcaMatrCurso')
INSERT INTO HD_PADREL VALUES ('DomSecret','Lyceum','Academico','AcaMatrEnderAlfa')
INSERT INTO HD_PADREL VALUES ('DomSecret','Lyceum','Academico','AcaMatrNum')
INSERT INTO HD_PADREL VALUES ('DomSecret','Lyceum','Academico','AcaPedidoDiploma')
INSERT INTO HD_PADREL VALUES ('DomSecret','Lyceum','Academico','AcaPreMatric')
INSERT INTO HD_PADREL VALUES ('DomSecret','Lyceum','Academico','AcaPreMatricSemTurma')
INSERT INTO HD_PADREL VALUES ('DomSecret','Lyceum','Academico','AcaReqMatricula')
INSERT INTO HD_PADREL VALUES ('DomSecret','Lyceum','Academico','AcaRevalidaVest')
INSERT INTO HD_PADREL VALUES ('DomSecret','Lyceum','Academico','AcaSemMatricPre')
INSERT INTO HD_PADREL VALUES ('DomSecret','Lyceum','Academico','AcaSemMatricula')
INSERT INTO HD_PADREL VALUES ('DomSecret','Lyceum','Academico','AcaSemRegVest')
INSERT INTO HD_PADREL VALUES ('DomSecret','Lyceum','Academico','AcaSituacaoTurma')
INSERT INTO HD_PADREL VALUES ('DomSecret','Lyceum','Academico','AcaTrancCur')
INSERT INTO HD_PADREL VALUES ('DomSecret','Lyceum','Academico','AcaTrancMatr')
INSERT INTO HD_PADREL VALUES ('DomSecret','Lyceum','Academico','AcaTransf')
INSERT INTO HD_PADREL VALUES ('DomSecret','Lyceum','Academico','AcaTransfExtDestino')
INSERT INTO HD_PADREL VALUES ('DomSecret','Lyceum','Academico','AcaTurma')
INSERT INTO HD_PADREL VALUES ('DomSecret','Lyceum','Academico','AcaTurmaNotas')
INSERT INTO HD_PADREL VALUES ('DomSecret','Lyceum','Academico','AcaTurmaRepFechamento')
INSERT INTO HD_PADREL VALUES ('DomSecret','Lyceum','Academico','AcaTurmaReprov')
INSERT INTO HD_PADREL VALUES ('DomSecret','Lyceum','Academico','AcaTurmaTels')
INSERT INTO HD_PADREL VALUES ('DomSecret','Lyceum','Academico','AgendaSubDiscipEspec')
INSERT INTO HD_PADREL VALUES ('DomSecret','Lyceum','Academico','AlunosAprovados')
INSERT INTO HD_PADREL VALUES ('DomSecret','Lyceum','Academico','AlunosAtivosTurma')
INSERT INTO HD_PADREL VALUES ('DomSecret','Lyceum','Academico','AlunosCreditosAdicionais')
INSERT INTO HD_PADREL VALUES ('DomSecret','Lyceum','Academico','AlunosDesempenho')
INSERT INTO HD_PADREL VALUES ('DomSecret','Lyceum','Academico','AlunosFaixaDesempenho')
INSERT INTO HD_PADREL VALUES ('DomSecret','Lyceum','Academico','AlunosFormandos')
INSERT INTO HD_PADREL VALUES ('DomSecret','Lyceum','Academico','AlunosIngressantes')
INSERT INTO HD_PADREL VALUES ('DomSecret','Lyceum','Academico','AlunosJubilados')
INSERT INTO HD_PADREL VALUES ('DomSecret','Lyceum','Academico','AlunosMatriculadosTurma')
INSERT INTO HD_PADREL VALUES ('DomSecret','Lyceum','Academico','AlunosMatriculaRemanejamento')
INSERT INTO HD_PADREL VALUES ('DomSecret','Lyceum','Academico','AlunosNaoMatriculados')
INSERT INTO HD_PADREL VALUES ('DomSecret','Lyceum','Academico','AreaAtuacaoEstagio')
INSERT INTO HD_PADREL VALUES ('DomSecret','Lyceum','Academico','AtestFrequencia')
INSERT INTO HD_PADREL VALUES ('DomSecret','Lyceum','Academico','AtestMatAluno')
INSERT INTO HD_PADREL VALUES ('DomSecret','Lyceum','Academico','AtestMatr')
INSERT INTO HD_PADREL VALUES ('DomSecret','Lyceum','Academico','CargaCumpridaAluno')
INSERT INTO HD_PADREL VALUES ('DomSecret','Lyceum','Academico','CargaTrabalho')
INSERT INTO HD_PADREL VALUES ('DomSecret','Lyceum','Academico','ConclMestreDoutor')
INSERT INTO HD_PADREL VALUES ('DomSecret','Lyceum','Academico','ControleFrequencia')
INSERT INTO HD_PADREL VALUES ('DomSecret','Lyceum','Academico','ControleLancNotas')
INSERT INTO HD_PADREL VALUES ('DomSecret','Lyceum','Academico','ControleQuantidade')
INSERT INTO HD_PADREL VALUES ('DomSecret','Lyceum','Academico','CursoGrade')
INSERT INTO HD_PADREL VALUES ('DomSecret','Lyceum','Academico','DadosCadastrais')
INSERT INTO HD_PADREL VALUES ('DomSecret','Lyceum','Academico','DiarioClasse')
INSERT INTO HD_PADREL VALUES ('DomSecret','Lyceum','Academico','DiariosClasse')
INSERT INTO HD_PADREL VALUES ('DomSecret','Lyceum','Academico','DiscObrigRepAluno')
INSERT INTO HD_PADREL VALUES ('DomSecret','Lyceum','Academico','DiscRepAluno')
INSERT INTO HD_PADREL VALUES ('DomSecret','Lyceum','Academico','DivulgSegChamada')
INSERT INTO HD_PADREL VALUES ('DomSecret','Lyceum','Academico','DocenteDetalhamento')
INSERT INTO HD_PADREL VALUES ('DomSecret','Lyceum','Academico','EstagioExtraCurricularAberto')
INSERT INTO HD_PADREL VALUES ('DomSecret','Lyceum','Academico','EstagiosPendentes')
INSERT INTO HD_PADREL VALUES ('DomSecret','Lyceum','Academico','EstatisticaDisciplina')
INSERT INTO HD_PADREL VALUES ('DomSecret','Lyceum','Academico','EstatisticaDocente')
INSERT INTO HD_PADREL VALUES ('DomSecret','Lyceum','Academico','Etiquetas')
INSERT INTO HD_PADREL VALUES ('DomSecret','Lyceum','Academico','FormadosSemDataColacao')
INSERT INTO HD_PADREL VALUES ('DomSecret','Lyceum','Academico','FreqDocenteSint')
INSERT INTO HD_PADREL VALUES ('DomSecret','Lyceum','Academico','GradesDisciplina')
INSERT INTO HD_PADREL VALUES ('DomSecret','Lyceum','Academico','HistoricoEscolar')
INSERT INTO HD_PADREL VALUES ('DomSecret','Lyceum','Academico','HorDiscipPreReq')
INSERT INTO HD_PADREL VALUES ('DomSecret','Lyceum','Academico','ListaAlunosDetalhes')
INSERT INTO HD_PADREL VALUES ('DomSecret','Lyceum','Academico','ListaDiscipDadosAluno')
INSERT INTO HD_PADREL VALUES ('DomSecret','Lyceum','Academico','ListaFrequencia')
INSERT INTO HD_PADREL VALUES ('DomSecret','Lyceum','Academico','ListaPresSegChamada')
INSERT INTO HD_PADREL VALUES ('DomSecret','Lyceum','Academico','MapaDadosAluno')
INSERT INTO HD_PADREL VALUES ('DomSecret','Lyceum','Academico','MediaTurmaDisciplina')
INSERT INTO HD_PADREL VALUES ('DomSecret','Lyceum','Academico','MonTutCoordAlocEspec')
INSERT INTO HD_PADREL VALUES ('DomSecret','Lyceum','Academico','PlanoEnsino')
INSERT INTO HD_PADREL VALUES ('DomSecret','Lyceum','Academico','Professores')
INSERT INTO HD_PADREL VALUES ('DomSecret','Lyceum','Academico','ProvasFinais')
INSERT INTO HD_PADREL VALUES ('DomSecret','Lyceum','Academico','QuadroDocentes')
INSERT INTO HD_PADREL VALUES ('DomSecret','Lyceum','Academico','QuadroHorario')
INSERT INTO HD_PADREL VALUES ('DomSecret','Lyceum','Academico','RegistroAcademico')
INSERT INTO HD_PADREL VALUES ('DomSecret','Lyceum','Academico','RegistroEntregaEstagio')
INSERT INTO HD_PADREL VALUES ('DomSecret','Lyceum','Academico','RelacaoAlunos')
INSERT INTO HD_PADREL VALUES ('DomSecret','Lyceum','Academico','RelacaoAlunosDocumentos')
INSERT INTO HD_PADREL VALUES ('DomSecret','Lyceum','Academico','RelacaoAlunosMedia')
INSERT INTO HD_PADREL VALUES ('DomSecret','Lyceum','Academico','RelacaoCalouros')
INSERT INTO HD_PADREL VALUES ('DomSecret','Lyceum','Academico','RelacaoDiscentes')
INSERT INTO HD_PADREL VALUES ('DomSecret','Lyceum','Academico','RelacaoDiscNivel')
INSERT INTO HD_PADREL VALUES ('DomSecret','Lyceum','Academico','RelacaoEmpresaEstagio')
INSERT INTO HD_PADREL VALUES ('DomSecret','Lyceum','Academico','RelAlunosContato')
INSERT INTO HD_PADREL VALUES ('DomSecret','Lyceum','Academico','RelAlunosIdade')
INSERT INTO HD_PADREL VALUES ('DomSecret','Lyceum','Academico','RelFormandosDadosDiploma')
INSERT INTO HD_PADREL VALUES ('DomSecret','Lyceum','Academico','RelOficialNotas')
INSERT INTO HD_PADREL VALUES ('DomSecret','Lyceum','Academico','SitDocumentoEstagio')
INSERT INTO HD_PADREL VALUES ('DomSecret','Lyceum','Academico','SolicitDiploma')
INSERT INTO HD_PADREL VALUES ('DomSecret','Lyceum','Academico','TotalAlunosDiscipCursoPer')
INSERT INTO HD_PADREL VALUES ('DomSecret','Lyceum','Academico','TotalPorEntrada')
INSERT INTO HD_PADREL VALUES ('DomSecret','Lyceum','Academico','TrabConclPos')
INSERT INTO HD_PADREL VALUES ('DomSecret','Lyceum','Academico','TrancamentoPeriodoLetivo')
INSERT INTO HD_PADREL VALUES ('DomSecret','Lyceum','Academico','TurmaInformacao')
INSERT INTO HD_PADREL VALUES ('DomSecret','Lyceum','Academico','TurmaPeriodo')
INSERT INTO HD_PADREL VALUES ('DomSecret','Lyceum','AcademicoHistorico','RegistroEntregaEstagio')
INSERT INTO HD_PADREL VALUES ('DomSecret','Lyceum','AcademicoIngresso','AlunosSemEnturmacao')
INSERT INTO HD_PADREL VALUES ('DomSecret','Lyceum','AcademicoIngresso','Carteirinha')
INSERT INTO HD_PADREL VALUES ('DomSecret','Lyceum','AcademicoIngresso','IngressantesSET')
INSERT INTO HD_PADREL VALUES ('DomSecret','Lyceum','Basico','BasCursos')
INSERT INTO HD_PADREL VALUES ('DomSecret','Lyceum','Basico','BasUnidades')
INSERT INTO HD_PADREL VALUES ('DomSecret','Lyceum','CurrHor','CurCoincHorario')
INSERT INTO HD_PADREL VALUES ('DomSecret','Lyceum','CurrHor','CurDiarioEletronico')
INSERT INTO HD_PADREL VALUES ('DomSecret','Lyceum','CurrHor','CurDiscCurr')
INSERT INTO HD_PADREL VALUES ('DomSecret','Lyceum','CurrHor','CurDiscFacul')
INSERT INTO HD_PADREL VALUES ('DomSecret','Lyceum','CurrHor','CurDiscFaculGeral')
INSERT INTO HD_PADREL VALUES ('DomSecret','Lyceum','CurrHor','CurDiscGeral')
INSERT INTO HD_PADREL VALUES ('DomSecret','Lyceum','CurrHor','CurDiscPend')
INSERT INTO HD_PADREL VALUES ('DomSecret','Lyceum','CurrHor','CurDocente')
INSERT INTO HD_PADREL VALUES ('DomSecret','Lyceum','CurrHor','CurEquivalCurr')
INSERT INTO HD_PADREL VALUES ('DomSecret','Lyceum','CurrHor','CurGradeDet')
INSERT INTO HD_PADREL VALUES ('DomSecret','Lyceum','CurrHor','CurListPresencaDocente')
INSERT INTO HD_PADREL VALUES ('DomSecret','Lyceum','CurrHor','CurMapaVagasCurso')
INSERT INTO HD_PADREL VALUES ('DomSecret','Lyceum','CurrHor','CurMatrPreReq')
INSERT INTO HD_PADREL VALUES ('DomSecret','Lyceum','CurrHor','CurrTurmasOfertadas')
INSERT INTO HD_PADREL VALUES ('DomSecret','Lyceum','CurrHor','CurTurmaAnoSem')
INSERT INTO HD_PADREL VALUES ('DomSecret','Lyceum','CurrHor','CurTurmaOcup')
INSERT INTO HD_PADREL VALUES ('DomSecret','Lyceum','CurriculoGrade','GradeCurricularDet')
INSERT INTO HD_PADREL VALUES ('DomSecret','Lyceum','CurriculoGrade','RelacaoAluDiscGrade')
INSERT INTO HD_PADREL VALUES ('DomSecret','Lyceum','CurriculoTurmaHor','TurmaSemHorarioDoc')
INSERT INTO HD_PADREL VALUES ('DomSecret','Lyceum','Financeiro','AnaliticoCobranca')
INSERT INTO HD_PADREL VALUES ('DomSecret','Lyceum','Financeiro','ConfParcelaGerada')
INSERT INTO HD_PADREL VALUES ('DomSecret','Lyceum','Financeiro','DeclaracaoImpRenda')
INSERT INTO HD_PADREL VALUES ('DomSecret','Lyceum','Financeiro','FinAlunosValoMaior')
INSERT INTO HD_PADREL VALUES ('DomSecret','Lyceum','Financeiro','FinBoletosAluno')
INSERT INTO HD_PADREL VALUES ('DomSecret','Lyceum','Financeiro','FinBoletosCompetencia')
INSERT INTO HD_PADREL VALUES ('DomSecret','Lyceum','Financeiro','FinBoletosDtPagto')
INSERT INTO HD_PADREL VALUES ('DomSecret','Lyceum','Financeiro','FinBolsaAluno')
INSERT INTO HD_PADREL VALUES ('DomSecret','Lyceum','Financeiro','FinBolsaAlunosTipo')
INSERT INTO HD_PADREL VALUES ('DomSecret','Lyceum','Financeiro','FinCartaChequeDev')
INSERT INTO HD_PADREL VALUES ('DomSecret','Lyceum','Financeiro','FinCartaCobranca')
INSERT INTO HD_PADREL VALUES ('DomSecret','Lyceum','Financeiro','FinChPromocional')
INSERT INTO HD_PADREL VALUES ('DomSecret','Lyceum','Financeiro','FinChqRecebidos')
INSERT INTO HD_PADREL VALUES ('DomSecret','Lyceum','Financeiro','FinCobrancaAluno')
INSERT INTO HD_PADREL VALUES ('DomSecret','Lyceum','Financeiro','FinCompCanceProt_Jud')
INSERT INTO HD_PADREL VALUES ('DomSecret','Lyceum','Financeiro','FinComprCredito')
INSERT INTO HD_PADREL VALUES ('DomSecret','Lyceum','Financeiro','FinDebAluno')
INSERT INTO HD_PADREL VALUES ('DomSecret','Lyceum','Financeiro','FinDividaPeriodo')
INSERT INTO HD_PADREL VALUES ('DomSecret','Lyceum','Financeiro','FinDividaPerUnidFis')
INSERT INTO HD_PADREL VALUES ('DomSecret','Lyceum','Financeiro','FinDivPerResumo')
INSERT INTO HD_PADREL VALUES ('DomSecret','Lyceum','Financeiro','FinErroMovimento')
INSERT INTO HD_PADREL VALUES ('DomSecret','Lyceum','Financeiro','FinInadimplentes')
INSERT INTO HD_PADREL VALUES ('DomSecret','Lyceum','Financeiro','FinInfoAluno')
INSERT INTO HD_PADREL VALUES ('DomSecret','Lyceum','Financeiro','FinInfoAluSintetico')
INSERT INTO HD_PADREL VALUES ('DomSecret','Lyceum','Financeiro','FinLancDeb')
INSERT INTO HD_PADREL VALUES ('DomSecret','Lyceum','Financeiro','FinMovimCheque')
INSERT INTO HD_PADREL VALUES ('DomSecret','Lyceum','Financeiro','FinNotaPromissoria')
INSERT INTO HD_PADREL VALUES ('DomSecret','Lyceum','Financeiro','FinNPAcordoJudic')
INSERT INTO HD_PADREL VALUES ('DomSecret','Lyceum','Financeiro','FinRecebPer')
INSERT INTO HD_PADREL VALUES ('DomSecret','Lyceum','Financeiro','FinRecebPerCur')
INSERT INTO HD_PADREL VALUES ('DomSecret','Lyceum','Financeiro','FinRecebPerUnidadeFisica')
INSERT INTO HD_PADREL VALUES ('DomSecret','Lyceum','Financeiro','FinRelBolsa')
INSERT INTO HD_PADREL VALUES ('DomSecret','Lyceum','Financeiro','FinRelChqsDev')
INSERT INTO HD_PADREL VALUES ('DomSecret','Lyceum','Financeiro','FinTitulosAVencer')
INSERT INTO HD_PADREL VALUES ('DomSecret','Lyceum','Financeiro','FinTotalTipoCredito')
INSERT INTO HD_PADREL VALUES ('DomSecret','Lyceum','Financeiro','FinTotCheqPreDatadosRec')
INSERT INTO HD_PADREL VALUES ('DomSecret','Lyceum','Financeiro','FinTotCheqPromocionalRec')
INSERT INTO HD_PADREL VALUES ('DomSecret','Lyceum','Financeiro','FinTotChequePreDatados')
INSERT INTO HD_PADREL VALUES ('DomSecret','Lyceum','Financeiro','FinTotChequePromocional')
INSERT INTO HD_PADREL VALUES ('DomSecret','Lyceum','Financeiro','FluxoCaixa')
INSERT INTO HD_PADREL VALUES ('DomSecret','Lyceum','Financeiro','FluxoCaixaDet')
INSERT INTO HD_PADREL VALUES ('DomSecret','Lyceum','Financeiro','Inadimplentes')
INSERT INTO HD_PADREL VALUES ('DomSecret','Lyceum','Financeiro','PlanoPagamento')
INSERT INTO HD_PADREL VALUES ('DomSecret','Lyceum','Financeiro','PosicaoDevedores')
INSERT INTO HD_PADREL VALUES ('DomSecret','Lyceum','Financeiro','PrevisaoRecebimentos')
INSERT INTO HD_PADREL VALUES ('DomSecret','Lyceum','Financeiro','ReceitasCompetencia')
INSERT INTO HD_PADREL VALUES ('DomSecret','Lyceum','Financeiro','RelacaoAlunosIngr')
INSERT INTO HD_PADREL VALUES ('DomSecret','Lyceum','Financeiro','RelArrecadacaoAnalitico')
INSERT INTO HD_PADREL VALUES ('DomSecret','Lyceum','Financeiro','RelArrecadacaoSintetico')
INSERT INTO HD_PADREL VALUES ('DomSecret','Lyceum','Financeiro','RelParcelas')
INSERT INTO HD_PADREL VALUES ('DomSecret','Lyceum','Financeiro','RelParcelasComp')
INSERT INTO HD_PADREL VALUES ('DomSecret','Lyceum','Financeiro','SinteticoCobranca')
INSERT INTO HD_PADREL VALUES ('DomSecret','Lyceum','FinanceiroBolsa','AlunosBolsa')
INSERT INTO HD_PADREL VALUES ('DomSecret','Lyceum','FinanceiroBolsa','AlunosComBolsaEstudosCurso')
INSERT INTO HD_PADREL VALUES ('DomSecret','Lyceum','Serviços','SerAndamentos')
INSERT INTO HD_PADREL VALUES ('DomSecret','Lyceum','Serviços','SerStatusAndamentos')
INSERT INTO HD_PADREL VALUES ('DomSecret','Lyceum','Serviços','SrvProtocolo')
INSERT INTO HD_PADREL VALUES ('DomSecret','Lyceum','Vestibular','VesCandidatosporVaga')
INSERT INTO HD_PADREL VALUES ('DomSecret','Lyceum','Vestibular','VesClassifAlfa')
INSERT INTO HD_PADREL VALUES ('DomSecret','Lyceum','Vestibular','VesClassifCurso')
INSERT INTO HD_PADREL VALUES ('DomSecret','Lyceum','Vestibular','VesClassifOpcao')
INSERT INTO HD_PADREL VALUES ('DomSecret','Lyceum','Vestibular','VesConfigConcurso')
INSERT INTO HD_PADREL VALUES ('DomSecret','Lyceum','Vestibular','VesConfigSalas')
INSERT INTO HD_PADREL VALUES ('DomSecret','Lyceum','Vestibular','VesConvConcurso')
INSERT INTO HD_PADREL VALUES ('DomSecret','Lyceum','Vestibular','VesConvCurso')
INSERT INTO HD_PADREL VALUES ('DomSecret','Lyceum','Vestibular','VesConvocados')
INSERT INTO HD_PADREL VALUES ('DomSecret','Lyceum','Vestibular','VesEstatPreMatr')
INSERT INTO HD_PADREL VALUES ('DomSecret','Lyceum','Vestibular','VesEtiqCarteira')
INSERT INTO HD_PADREL VALUES ('DomSecret','Lyceum','Vestibular','VesEtiqCarteira2C')
INSERT INTO HD_PADREL VALUES ('DomSecret','Lyceum','Vestibular','VesEtiqIdentidade')
INSERT INTO HD_PADREL VALUES ('DomSecret','Lyceum','Vestibular','VesEtiqMalaDireta')
INSERT INTO HD_PADREL VALUES ('DomSecret','Lyceum','Vestibular','VesFolhaRedacao')
INSERT INTO HD_PADREL VALUES ('DomSecret','Lyceum','Vestibular','VesGeralAlfa')
INSERT INTO HD_PADREL VALUES ('DomSecret','Lyceum','Vestibular','VesInscrAlfa')
INSERT INTO HD_PADREL VALUES ('DomSecret','Lyceum','Vestibular','VesInscrCanhoto')
INSERT INTO HD_PADREL VALUES ('DomSecret','Lyceum','Vestibular','VesInscrCursoSexo')
INSERT INTO HD_PADREL VALUES ('DomSecret','Lyceum','Vestibular','VesInscritos')
INSERT INTO HD_PADREL VALUES ('DomSecret','Lyceum','Vestibular','VesInscrLingua')
INSERT INTO HD_PADREL VALUES ('DomSecret','Lyceum','Vestibular','VesInscrSala')
INSERT INTO HD_PADREL VALUES ('DomSecret','Lyceum','Vestibular','VesInscrSalaEsp')
INSERT INTO HD_PADREL VALUES ('DomSecret','Lyceum','Vestibular','VesInscrSalaFreq')
INSERT INTO HD_PADREL VALUES ('DomSecret','Lyceum','Vestibular','VesListaEspera')
INSERT INTO HD_PADREL VALUES ('DomSecret','Lyceum','Vestibular','VesNotasBrutas')
INSERT INTO HD_PADREL VALUES ('DomSecret','Lyceum','Vestibular','VesNotasIndiv')
INSERT INTO HD_PADREL VALUES ('DomSecret','Lyceum','Vestibular','VesNotasPadroniz')
INSERT INTO HD_PADREL VALUES ('DomSecret','Lyceum','Vestibular','VesNotasPontos')
INSERT INTO HD_PADREL VALUES ('DomSecret','Lyceum','Vestibular','VesSalasNumCandidatos')
INSERT INTO HD_PADREL VALUES ('DomSecret','Lyceum','Vestibular','VesSemOpcao')
INSERT INTO HD_PADREL VALUES ('DomSecGeral','Lyceum','Academico','AcaAluDiscReprov')
INSERT INTO HD_PADREL VALUES ('DomSecGeral','Lyceum','Academico','AcaAluDocPend')
INSERT INTO HD_PADREL VALUES ('DomSecGeral','Lyceum','Academico','AcaAlunosCancTrancCurso')
INSERT INTO HD_PADREL VALUES ('DomSecGeral','Lyceum','Academico','AcaAluPagantesSemTurma')
INSERT INTO HD_PADREL VALUES ('DomSecGeral','Lyceum','Academico','AcaAnexosContrato')
INSERT INTO HD_PADREL VALUES ('DomSecGeral','Lyceum','Academico','AcaAniversariantes')
INSERT INTO HD_PADREL VALUES ('DomSecGeral','Lyceum','Academico','AcaAprovado')
INSERT INTO HD_PADREL VALUES ('DomSecGeral','Lyceum','Academico','AcaAtaExame')
INSERT INTO HD_PADREL VALUES ('DomSecGeral','Lyceum','Academico','AcaAtaFinal')
INSERT INTO HD_PADREL VALUES ('DomSecGeral','Lyceum','Academico','AcaAtaFinalTurma')
INSERT INTO HD_PADREL VALUES ('DomSecGeral','Lyceum','Academico','AcaAtestAprendiz')
INSERT INTO HD_PADREL VALUES ('DomSecGeral','Lyceum','Academico','AcaAtestFreq')
INSERT INTO HD_PADREL VALUES ('DomSecGeral','Lyceum','Academico','AcaAtestFreqNota')
INSERT INTO HD_PADREL VALUES ('DomSecGeral','Lyceum','Academico','AcaAtestMatr')
INSERT INTO HD_PADREL VALUES ('DomSecGeral','Lyceum','Academico','AcaAtestMatrHor')
INSERT INTO HD_PADREL VALUES ('DomSecGeral','Lyceum','Academico','AcaAtestPreMatr')
INSERT INTO HD_PADREL VALUES ('DomSecGeral','Lyceum','Academico','AcaAtestPreMatr2')
INSERT INTO HD_PADREL VALUES ('DomSecGeral','Lyceum','Academico','AcaAtivos')
INSERT INTO HD_PADREL VALUES ('DomSecGeral','Lyceum','Academico','AcaAtivosFacul')
INSERT INTO HD_PADREL VALUES ('DomSecGeral','Lyceum','Academico','AcaBoletim')
INSERT INTO HD_PADREL VALUES ('DomSecGeral','Lyceum','Academico','AcaBoletimAnterior')
INSERT INTO HD_PADREL VALUES ('DomSecGeral','Lyceum','Academico','AcaBoletimFreqSerie')
INSERT INTO HD_PADREL VALUES ('DomSecGeral','Lyceum','Academico','AcaCertColacao')
INSERT INTO HD_PADREL VALUES ('DomSecGeral','Lyceum','Academico','AcaCidadeOrigem')
INSERT INTO HD_PADREL VALUES ('DomSecGeral','Lyceum','Academico','AcaConsNotasFaltas')
INSERT INTO HD_PADREL VALUES ('DomSecGeral','Lyceum','Academico','AcaContrato')
INSERT INTO HD_PADREL VALUES ('DomSecGeral','Lyceum','Academico','AcaContratoCR')
INSERT INTO HD_PADREL VALUES ('DomSecGeral','Lyceum','Academico','AcaCreditosTotal')
INSERT INTO HD_PADREL VALUES ('DomSecGeral','Lyceum','Academico','AcaDemandaVagas')
INSERT INTO HD_PADREL VALUES ('DomSecGeral','Lyceum','Academico','AcaDiscPend')
INSERT INTO HD_PADREL VALUES ('DomSecGeral','Lyceum','Academico','AcaDividaBibli')
INSERT INTO HD_PADREL VALUES ('DomSecGeral','Lyceum','Academico','AcaEleicDiretorio')
INSERT INTO HD_PADREL VALUES ('DomSecGeral','Lyceum','Academico','AcaEstatAprov')
INSERT INTO HD_PADREL VALUES ('DomSecGeral','Lyceum','Academico','AcaEtiqFormados')
INSERT INTO HD_PADREL VALUES ('DomSecGeral','Lyceum','Academico','AcaFichaAluno')
INSERT INTO HD_PADREL VALUES ('DomSecGeral','Lyceum','Academico','AcaFormandosCurso')
INSERT INTO HD_PADREL VALUES ('DomSecGeral','Lyceum','Academico','AcaFormCurso')
INSERT INTO HD_PADREL VALUES ('DomSecGeral','Lyceum','Academico','AcaFormCursoEnder')
INSERT INTO HD_PADREL VALUES ('DomSecGeral','Lyceum','Academico','AcaFormPerLetivo')
INSERT INTO HD_PADREL VALUES ('DomSecGeral','Lyceum','Academico','AcaHistorico')
INSERT INTO HD_PADREL VALUES ('DomSecGeral','Lyceum','Academico','AcaHistoricoExt')
INSERT INTO HD_PADREL VALUES ('DomSecGeral','Lyceum','Academico','AcaHistoricoExt-UniJorge')
INSERT INTO HD_PADREL VALUES ('DomSecGeral','Lyceum','Academico','AcaHistoricoFreqSerie')
INSERT INTO HD_PADREL VALUES ('DomSecGeral','Lyceum','Academico','AcaHistoricoMBA')
INSERT INTO HD_PADREL VALUES ('DomSecGeral','Lyceum','Academico','AcaHistoricoMBA2')
INSERT INTO HD_PADREL VALUES ('DomSecGeral','Lyceum','Academico','AcaHistoricoParcial')
INSERT INTO HD_PADREL VALUES ('DomSecGeral','Lyceum','Academico','AcaHorarioAula')
INSERT INTO HD_PADREL VALUES ('DomSecGeral','Lyceum','Academico','AcaIngreAluPeriodo')
INSERT INTO HD_PADREL VALUES ('DomSecGeral','Lyceum','Academico','AcaIngrePeriodoOrigem')
INSERT INTO HD_PADREL VALUES ('DomSecGeral','Lyceum','Academico','AcaIngreTransf')
INSERT INTO HD_PADREL VALUES ('DomSecGeral','Lyceum','Academico','AcaListaDisciplinasGrade')
INSERT INTO HD_PADREL VALUES ('DomSecGeral','Lyceum','Academico','AcaLivroMatr')
INSERT INTO HD_PADREL VALUES ('DomSecGeral','Lyceum','Academico','AcaMapaEvasao')
INSERT INTO HD_PADREL VALUES ('DomSecGeral','Lyceum','Academico','AcaMatrAlfa')
INSERT INTO HD_PADREL VALUES ('DomSecGeral','Lyceum','Academico','AcaMatrCurso')
INSERT INTO HD_PADREL VALUES ('DomSecGeral','Lyceum','Academico','AcaMatrEnderAlfa')
INSERT INTO HD_PADREL VALUES ('DomSecGeral','Lyceum','Academico','AcaMatrNum')
INSERT INTO HD_PADREL VALUES ('DomSecGeral','Lyceum','Academico','AcaPedidoDiploma')
INSERT INTO HD_PADREL VALUES ('DomSecGeral','Lyceum','Academico','AcaPreMatric')
INSERT INTO HD_PADREL VALUES ('DomSecGeral','Lyceum','Academico','AcaPreMatricSemTurma')
INSERT INTO HD_PADREL VALUES ('DomSecGeral','Lyceum','Academico','AcaReqMatricula')
INSERT INTO HD_PADREL VALUES ('DomSecGeral','Lyceum','Academico','AcaRevalidaVest')
INSERT INTO HD_PADREL VALUES ('DomSecGeral','Lyceum','Academico','AcaSemMatricPre')
INSERT INTO HD_PADREL VALUES ('DomSecGeral','Lyceum','Academico','AcaSemMatricula')
INSERT INTO HD_PADREL VALUES ('DomSecGeral','Lyceum','Academico','AcaSemRegVest')
INSERT INTO HD_PADREL VALUES ('DomSecGeral','Lyceum','Academico','AcaSituacaoTurma')
INSERT INTO HD_PADREL VALUES ('DomSecGeral','Lyceum','Academico','AcaTrancCur')
INSERT INTO HD_PADREL VALUES ('DomSecGeral','Lyceum','Academico','AcaTrancMatr')
INSERT INTO HD_PADREL VALUES ('DomSecGeral','Lyceum','Academico','AcaTransf')
INSERT INTO HD_PADREL VALUES ('DomSecGeral','Lyceum','Academico','AcaTransfExtDestino')
INSERT INTO HD_PADREL VALUES ('DomSecGeral','Lyceum','Academico','AcaTurma')
INSERT INTO HD_PADREL VALUES ('DomSecGeral','Lyceum','Academico','AcaTurmaNotas')
INSERT INTO HD_PADREL VALUES ('DomSecGeral','Lyceum','Academico','AcaTurmaRepFechamento')
INSERT INTO HD_PADREL VALUES ('DomSecGeral','Lyceum','Academico','AcaTurmaReprov')
INSERT INTO HD_PADREL VALUES ('DomSecGeral','Lyceum','Academico','AcaTurmaTels')
INSERT INTO HD_PADREL VALUES ('DomSecGeral','Lyceum','Academico','AgendaSubDiscipEspec')
INSERT INTO HD_PADREL VALUES ('DomSecGeral','Lyceum','Academico','AlunosAprovados')
INSERT INTO HD_PADREL VALUES ('DomSecGeral','Lyceum','Academico','AlunosAtivosTurma')
INSERT INTO HD_PADREL VALUES ('DomSecGeral','Lyceum','Academico','AlunosCreditosAdicionais')
INSERT INTO HD_PADREL VALUES ('DomSecGeral','Lyceum','Academico','AlunosDesempenho')
INSERT INTO HD_PADREL VALUES ('DomSecGeral','Lyceum','Academico','AlunosFaixaDesempenho')
INSERT INTO HD_PADREL VALUES ('DomSecGeral','Lyceum','Academico','AlunosFormandos')
INSERT INTO HD_PADREL VALUES ('DomSecGeral','Lyceum','Academico','AlunosIngressantes')
INSERT INTO HD_PADREL VALUES ('DomSecGeral','Lyceum','Academico','AlunosJubilados')
INSERT INTO HD_PADREL VALUES ('DomSecGeral','Lyceum','Academico','AlunosMatriculadosTurma')
INSERT INTO HD_PADREL VALUES ('DomSecGeral','Lyceum','Academico','AlunosMatriculaRemanejamento')
INSERT INTO HD_PADREL VALUES ('DomSecGeral','Lyceum','Academico','AlunosNaoMatriculados')
INSERT INTO HD_PADREL VALUES ('DomSecGeral','Lyceum','Academico','AreaAtuacaoEstagio')
INSERT INTO HD_PADREL VALUES ('DomSecGeral','Lyceum','Academico','AtestFrequencia')
INSERT INTO HD_PADREL VALUES ('DomSecGeral','Lyceum','Academico','AtestMatAluno')
INSERT INTO HD_PADREL VALUES ('DomSecGeral','Lyceum','Academico','AtestMatr')
INSERT INTO HD_PADREL VALUES ('DomSecGeral','Lyceum','Academico','CargaCumpridaAluno')
INSERT INTO HD_PADREL VALUES ('DomSecGeral','Lyceum','Academico','CargaTrabalho')
INSERT INTO HD_PADREL VALUES ('DomSecGeral','Lyceum','Academico','ConclMestreDoutor')
INSERT INTO HD_PADREL VALUES ('DomSecGeral','Lyceum','Academico','ControleFrequencia')
INSERT INTO HD_PADREL VALUES ('DomSecGeral','Lyceum','Academico','ControleLancNotas')
INSERT INTO HD_PADREL VALUES ('DomSecGeral','Lyceum','Academico','ControleQuantidade')
INSERT INTO HD_PADREL VALUES ('DomSecGeral','Lyceum','Academico','CursoGrade')
INSERT INTO HD_PADREL VALUES ('DomSecGeral','Lyceum','Academico','DadosCadastrais')
INSERT INTO HD_PADREL VALUES ('DomSecGeral','Lyceum','Academico','DiarioClasse')
INSERT INTO HD_PADREL VALUES ('DomSecGeral','Lyceum','Academico','DiariosClasse')
INSERT INTO HD_PADREL VALUES ('DomSecGeral','Lyceum','Academico','DiscObrigRepAluno')
INSERT INTO HD_PADREL VALUES ('DomSecGeral','Lyceum','Academico','DiscRepAluno')
INSERT INTO HD_PADREL VALUES ('DomSecGeral','Lyceum','Academico','DivulgSegChamada')
INSERT INTO HD_PADREL VALUES ('DomSecGeral','Lyceum','Academico','DocenteDetalhamento')
INSERT INTO HD_PADREL VALUES ('DomSecGeral','Lyceum','Academico','EstagioExtraCurricularAberto')
INSERT INTO HD_PADREL VALUES ('DomSecGeral','Lyceum','Academico','EstagiosPendentes')
INSERT INTO HD_PADREL VALUES ('DomSecGeral','Lyceum','Academico','EstatisticaDisciplina')
INSERT INTO HD_PADREL VALUES ('DomSecGeral','Lyceum','Academico','EstatisticaDocente')
INSERT INTO HD_PADREL VALUES ('DomSecGeral','Lyceum','Academico','Etiquetas')
INSERT INTO HD_PADREL VALUES ('DomSecGeral','Lyceum','Academico','FormadosSemDataColacao')
INSERT INTO HD_PADREL VALUES ('DomSecGeral','Lyceum','Academico','FreqDocenteSint')
INSERT INTO HD_PADREL VALUES ('DomSecGeral','Lyceum','Academico','GradesDisciplina')
INSERT INTO HD_PADREL VALUES ('DomSecGeral','Lyceum','Academico','HistoricoEscolar')
INSERT INTO HD_PADREL VALUES ('DomSecGeral','Lyceum','Academico','HorDiscipPreReq')
INSERT INTO HD_PADREL VALUES ('DomSecGeral','Lyceum','Academico','ListaAlunosDetalhes')
INSERT INTO HD_PADREL VALUES ('DomSecGeral','Lyceum','Academico','ListaDiscipDadosAluno')
INSERT INTO HD_PADREL VALUES ('DomSecGeral','Lyceum','Academico','ListaFrequencia')
INSERT INTO HD_PADREL VALUES ('DomSecGeral','Lyceum','Academico','ListaPresSegChamada')
INSERT INTO HD_PADREL VALUES ('DomSecGeral','Lyceum','Academico','MapaDadosAluno')
INSERT INTO HD_PADREL VALUES ('DomSecGeral','Lyceum','Academico','MediaTurmaDisciplina')
INSERT INTO HD_PADREL VALUES ('DomSecGeral','Lyceum','Academico','MonTutCoordAlocEspec')
INSERT INTO HD_PADREL VALUES ('DomSecGeral','Lyceum','Academico','PlanoEnsino')
INSERT INTO HD_PADREL VALUES ('DomSecGeral','Lyceum','Academico','Professores')
INSERT INTO HD_PADREL VALUES ('DomSecGeral','Lyceum','Academico','ProvasFinais')
INSERT INTO HD_PADREL VALUES ('DomSecGeral','Lyceum','Academico','QuadroDocentes')
INSERT INTO HD_PADREL VALUES ('DomSecGeral','Lyceum','Academico','QuadroHorario')
INSERT INTO HD_PADREL VALUES ('DomSecGeral','Lyceum','Academico','RegistroAcademico')
INSERT INTO HD_PADREL VALUES ('DomSecGeral','Lyceum','Academico','RegistroEntregaEstagio')
INSERT INTO HD_PADREL VALUES ('DomSecGeral','Lyceum','Academico','RelacaoAlunos')
INSERT INTO HD_PADREL VALUES ('DomSecGeral','Lyceum','Academico','RelacaoAlunosDocumentos')
INSERT INTO HD_PADREL VALUES ('DomSecGeral','Lyceum','Academico','RelacaoAlunosMedia')
INSERT INTO HD_PADREL VALUES ('DomSecGeral','Lyceum','Academico','RelacaoCalouros')
INSERT INTO HD_PADREL VALUES ('DomSecGeral','Lyceum','Academico','RelacaoDiscentes')
INSERT INTO HD_PADREL VALUES ('DomSecGeral','Lyceum','Academico','RelacaoDiscNivel')
INSERT INTO HD_PADREL VALUES ('DomSecGeral','Lyceum','Academico','RelacaoEmpresaEstagio')
INSERT INTO HD_PADREL VALUES ('DomSecGeral','Lyceum','Academico','RelAlunosContato')
INSERT INTO HD_PADREL VALUES ('DomSecGeral','Lyceum','Academico','RelAlunosIdade')
INSERT INTO HD_PADREL VALUES ('DomSecGeral','Lyceum','Academico','RelFormandosDadosDiploma')
INSERT INTO HD_PADREL VALUES ('DomSecGeral','Lyceum','Academico','RelOficialNotas')
INSERT INTO HD_PADREL VALUES ('DomSecGeral','Lyceum','Academico','SitDocumentoEstagio')
INSERT INTO HD_PADREL VALUES ('DomSecGeral','Lyceum','Academico','SolicitDiploma')
INSERT INTO HD_PADREL VALUES ('DomSecGeral','Lyceum','Academico','TotalAlunosDiscipCursoPer')
INSERT INTO HD_PADREL VALUES ('DomSecGeral','Lyceum','Academico','TotalPorEntrada')
INSERT INTO HD_PADREL VALUES ('DomSecGeral','Lyceum','Academico','TrabConclPos')
INSERT INTO HD_PADREL VALUES ('DomSecGeral','Lyceum','Academico','TrancamentoPeriodoLetivo')
INSERT INTO HD_PADREL VALUES ('DomSecGeral','Lyceum','Academico','TurmaInformacao')
INSERT INTO HD_PADREL VALUES ('DomSecGeral','Lyceum','Academico','TurmaPeriodo')
INSERT INTO HD_PADREL VALUES ('DomSecGeral','Lyceum','AcademicoHistorico','RegistroEntregaEstagio')
INSERT INTO HD_PADREL VALUES ('DomSecGeral','Lyceum','AcademicoIngresso','AlunosSemEnturmacao')
INSERT INTO HD_PADREL VALUES ('DomSecGeral','Lyceum','AcademicoIngresso','Carteirinha')
INSERT INTO HD_PADREL VALUES ('DomSecGeral','Lyceum','AcademicoIngresso','IngressantesSET')
INSERT INTO HD_PADREL VALUES ('DomSecGeral','Lyceum','Basico','BasCursos')
INSERT INTO HD_PADREL VALUES ('DomSecGeral','Lyceum','Basico','BasUnidades')
INSERT INTO HD_PADREL VALUES ('DomSecGeral','Lyceum','CurrHor','CurCoincHorario')
INSERT INTO HD_PADREL VALUES ('DomSecGeral','Lyceum','CurrHor','CurDiarioEletronico')
INSERT INTO HD_PADREL VALUES ('DomSecGeral','Lyceum','CurrHor','CurDiscCurr')
INSERT INTO HD_PADREL VALUES ('DomSecGeral','Lyceum','CurrHor','CurDiscFacul')
INSERT INTO HD_PADREL VALUES ('DomSecGeral','Lyceum','CurrHor','CurDiscFaculGeral')
INSERT INTO HD_PADREL VALUES ('DomSecGeral','Lyceum','CurrHor','CurDiscGeral')
INSERT INTO HD_PADREL VALUES ('DomSecGeral','Lyceum','CurrHor','CurDiscPend')
INSERT INTO HD_PADREL VALUES ('DomSecGeral','Lyceum','CurrHor','CurDocente')
INSERT INTO HD_PADREL VALUES ('DomSecGeral','Lyceum','CurrHor','CurEquivalCurr')
INSERT INTO HD_PADREL VALUES ('DomSecGeral','Lyceum','CurrHor','CurGradeDet')
INSERT INTO HD_PADREL VALUES ('DomSecGeral','Lyceum','CurrHor','CurListPresencaDocente')
INSERT INTO HD_PADREL VALUES ('DomSecGeral','Lyceum','CurrHor','CurMapaVagasCurso')
INSERT INTO HD_PADREL VALUES ('DomSecGeral','Lyceum','CurrHor','CurMatrPreReq')
INSERT INTO HD_PADREL VALUES ('DomSecGeral','Lyceum','CurrHor','CurrTurmasOfertadas')
INSERT INTO HD_PADREL VALUES ('DomSecGeral','Lyceum','CurrHor','CurTurmaAnoSem')
INSERT INTO HD_PADREL VALUES ('DomSecGeral','Lyceum','CurrHor','CurTurmaOcup')
INSERT INTO HD_PADREL VALUES ('DomSecGeral','Lyceum','CurriculoGrade','GradeCurricularDet')
INSERT INTO HD_PADREL VALUES ('DomSecGeral','Lyceum','CurriculoGrade','RelacaoAluDiscGrade')
INSERT INTO HD_PADREL VALUES ('DomSecGeral','Lyceum','CurriculoTurmaHor','TurmaSemHorarioDoc')
INSERT INTO HD_PADREL VALUES ('DomSecGeral','Lyceum','Financeiro','AnaliticoCobranca')
INSERT INTO HD_PADREL VALUES ('DomSecGeral','Lyceum','Financeiro','ConfParcelaGerada')
INSERT INTO HD_PADREL VALUES ('DomSecGeral','Lyceum','Financeiro','DeclaracaoImpRenda')
INSERT INTO HD_PADREL VALUES ('DomSecGeral','Lyceum','Financeiro','FinAlunosValoMaior')
INSERT INTO HD_PADREL VALUES ('DomSecGeral','Lyceum','Financeiro','FinBoletosAluno')
INSERT INTO HD_PADREL VALUES ('DomSecGeral','Lyceum','Financeiro','FinBoletosCompetencia')
INSERT INTO HD_PADREL VALUES ('DomSecGeral','Lyceum','Financeiro','FinBoletosDtPagto')
INSERT INTO HD_PADREL VALUES ('DomSecGeral','Lyceum','Financeiro','FinBolsaAluno')
INSERT INTO HD_PADREL VALUES ('DomSecGeral','Lyceum','Financeiro','FinBolsaAlunosTipo')
INSERT INTO HD_PADREL VALUES ('DomSecGeral','Lyceum','Financeiro','FinCartaChequeDev')
INSERT INTO HD_PADREL VALUES ('DomSecGeral','Lyceum','Financeiro','FinCartaCobranca')
INSERT INTO HD_PADREL VALUES ('DomSecGeral','Lyceum','Financeiro','FinChPromocional')
INSERT INTO HD_PADREL VALUES ('DomSecGeral','Lyceum','Financeiro','FinChqRecebidos')
INSERT INTO HD_PADREL VALUES ('DomSecGeral','Lyceum','Financeiro','FinCobrancaAluno')
INSERT INTO HD_PADREL VALUES ('DomSecGeral','Lyceum','Financeiro','FinCompCanceProt_Jud')
INSERT INTO HD_PADREL VALUES ('DomSecGeral','Lyceum','Financeiro','FinComprCredito')
INSERT INTO HD_PADREL VALUES ('DomSecGeral','Lyceum','Financeiro','FinDebAluno')
INSERT INTO HD_PADREL VALUES ('DomSecGeral','Lyceum','Financeiro','FinDividaPeriodo')
INSERT INTO HD_PADREL VALUES ('DomSecGeral','Lyceum','Financeiro','FinDividaPerUnidFis')
INSERT INTO HD_PADREL VALUES ('DomSecGeral','Lyceum','Financeiro','FinDivPerResumo')
INSERT INTO HD_PADREL VALUES ('DomSecGeral','Lyceum','Financeiro','FinErroMovimento')
INSERT INTO HD_PADREL VALUES ('DomSecGeral','Lyceum','Financeiro','FinInadimplentes')
INSERT INTO HD_PADREL VALUES ('DomSecGeral','Lyceum','Financeiro','FinInfoAluno')
INSERT INTO HD_PADREL VALUES ('DomSecGeral','Lyceum','Financeiro','FinInfoAluSintetico')
INSERT INTO HD_PADREL VALUES ('DomSecGeral','Lyceum','Financeiro','FinLancDeb')
INSERT INTO HD_PADREL VALUES ('DomSecGeral','Lyceum','Financeiro','FinMovimCheque')
INSERT INTO HD_PADREL VALUES ('DomSecGeral','Lyceum','Financeiro','FinNotaPromissoria')
INSERT INTO HD_PADREL VALUES ('DomSecGeral','Lyceum','Financeiro','FinNPAcordoJudic')
INSERT INTO HD_PADREL VALUES ('DomSecGeral','Lyceum','Financeiro','FinRecebPer')
INSERT INTO HD_PADREL VALUES ('DomSecGeral','Lyceum','Financeiro','FinRecebPerCur')
INSERT INTO HD_PADREL VALUES ('DomSecGeral','Lyceum','Financeiro','FinRecebPerUnidadeFisica')
INSERT INTO HD_PADREL VALUES ('DomSecGeral','Lyceum','Financeiro','FinRelBolsa')
INSERT INTO HD_PADREL VALUES ('DomSecGeral','Lyceum','Financeiro','FinRelChqsDev')
INSERT INTO HD_PADREL VALUES ('DomSecGeral','Lyceum','Financeiro','FinTitulosAVencer')
INSERT INTO HD_PADREL VALUES ('DomSecGeral','Lyceum','Financeiro','FinTotalTipoCredito')
INSERT INTO HD_PADREL VALUES ('DomSecGeral','Lyceum','Financeiro','FinTotCheqPreDatadosRec')
INSERT INTO HD_PADREL VALUES ('DomSecGeral','Lyceum','Financeiro','FinTotCheqPromocionalRec')
INSERT INTO HD_PADREL VALUES ('DomSecGeral','Lyceum','Financeiro','FinTotChequePreDatados')
INSERT INTO HD_PADREL VALUES ('DomSecGeral','Lyceum','Financeiro','FinTotChequePromocional')
INSERT INTO HD_PADREL VALUES ('DomSecGeral','Lyceum','Financeiro','FluxoCaixa')
INSERT INTO HD_PADREL VALUES ('DomSecGeral','Lyceum','Financeiro','FluxoCaixaDet')
INSERT INTO HD_PADREL VALUES ('DomSecGeral','Lyceum','Financeiro','Inadimplentes')
INSERT INTO HD_PADREL VALUES ('DomSecGeral','Lyceum','Financeiro','PlanoPagamento')
INSERT INTO HD_PADREL VALUES ('DomSecGeral','Lyceum','Financeiro','PosicaoDevedores')
INSERT INTO HD_PADREL VALUES ('DomSecGeral','Lyceum','Financeiro','PrevisaoRecebimentos')
INSERT INTO HD_PADREL VALUES ('DomSecGeral','Lyceum','Financeiro','ReceitasCompetencia')
INSERT INTO HD_PADREL VALUES ('DomSecGeral','Lyceum','Financeiro','RelacaoAlunosIngr')
INSERT INTO HD_PADREL VALUES ('DomSecGeral','Lyceum','Financeiro','RelArrecadacaoAnalitico')
INSERT INTO HD_PADREL VALUES ('DomSecGeral','Lyceum','Financeiro','RelArrecadacaoSintetico')
INSERT INTO HD_PADREL VALUES ('DomSecGeral','Lyceum','Financeiro','RelParcelas')
INSERT INTO HD_PADREL VALUES ('DomSecGeral','Lyceum','Financeiro','RelParcelasComp')
INSERT INTO HD_PADREL VALUES ('DomSecGeral','Lyceum','Financeiro','SinteticoCobranca')
INSERT INTO HD_PADREL VALUES ('DomSecGeral','Lyceum','FinanceiroBolsa','AlunosBolsa')
INSERT INTO HD_PADREL VALUES ('DomSecGeral','Lyceum','FinanceiroBolsa','AlunosComBolsaEstudosCurso')
INSERT INTO HD_PADREL VALUES ('DomSecGeral','Lyceum','Serviços','SerAndamentos')
INSERT INTO HD_PADREL VALUES ('DomSecGeral','Lyceum','Serviços','SerStatusAndamentos')
INSERT INTO HD_PADREL VALUES ('DomSecGeral','Lyceum','Serviços','SrvProtocolo')
INSERT INTO HD_PADREL VALUES ('DomSecGeral','Lyceum','Vestibular','VesCandidatosporVaga')
INSERT INTO HD_PADREL VALUES ('DomSecGeral','Lyceum','Vestibular','VesClassifAlfa')
INSERT INTO HD_PADREL VALUES ('DomSecGeral','Lyceum','Vestibular','VesClassifCurso')
INSERT INTO HD_PADREL VALUES ('DomSecGeral','Lyceum','Vestibular','VesClassifOpcao')
INSERT INTO HD_PADREL VALUES ('DomSecGeral','Lyceum','Vestibular','VesConfigConcurso')
INSERT INTO HD_PADREL VALUES ('DomSecGeral','Lyceum','Vestibular','VesConfigSalas')
INSERT INTO HD_PADREL VALUES ('DomSecGeral','Lyceum','Vestibular','VesConvConcurso')
INSERT INTO HD_PADREL VALUES ('DomSecGeral','Lyceum','Vestibular','VesConvCurso')
INSERT INTO HD_PADREL VALUES ('DomSecGeral','Lyceum','Vestibular','VesConvocados')
INSERT INTO HD_PADREL VALUES ('DomSecGeral','Lyceum','Vestibular','VesEstatPreMatr')
INSERT INTO HD_PADREL VALUES ('DomSecGeral','Lyceum','Vestibular','VesEtiqCarteira')
INSERT INTO HD_PADREL VALUES ('DomSecGeral','Lyceum','Vestibular','VesEtiqCarteira2C')
INSERT INTO HD_PADREL VALUES ('DomSecGeral','Lyceum','Vestibular','VesEtiqIdentidade')
INSERT INTO HD_PADREL VALUES ('DomSecGeral','Lyceum','Vestibular','VesEtiqMalaDireta')
INSERT INTO HD_PADREL VALUES ('DomSecGeral','Lyceum','Vestibular','VesFolhaRedacao')
INSERT INTO HD_PADREL VALUES ('DomSecGeral','Lyceum','Vestibular','VesGeralAlfa')
INSERT INTO HD_PADREL VALUES ('DomSecGeral','Lyceum','Vestibular','VesInscrAlfa')
INSERT INTO HD_PADREL VALUES ('DomSecGeral','Lyceum','Vestibular','VesInscrCanhoto')
INSERT INTO HD_PADREL VALUES ('DomSecGeral','Lyceum','Vestibular','VesInscrCursoSexo')
INSERT INTO HD_PADREL VALUES ('DomSecGeral','Lyceum','Vestibular','VesInscritos')
INSERT INTO HD_PADREL VALUES ('DomSecGeral','Lyceum','Vestibular','VesInscrLingua')
INSERT INTO HD_PADREL VALUES ('DomSecGeral','Lyceum','Vestibular','VesInscrSala')
INSERT INTO HD_PADREL VALUES ('DomSecGeral','Lyceum','Vestibular','VesInscrSalaEsp')
INSERT INTO HD_PADREL VALUES ('DomSecGeral','Lyceum','Vestibular','VesInscrSalaFreq')
INSERT INTO HD_PADREL VALUES ('DomSecGeral','Lyceum','Vestibular','VesListaEspera')
INSERT INTO HD_PADREL VALUES ('DomSecGeral','Lyceum','Vestibular','VesNotasBrutas')
INSERT INTO HD_PADREL VALUES ('DomSecGeral','Lyceum','Vestibular','VesNotasIndiv')
INSERT INTO HD_PADREL VALUES ('DomSecGeral','Lyceum','Vestibular','VesNotasPadroniz')
INSERT INTO HD_PADREL VALUES ('DomSecGeral','Lyceum','Vestibular','VesNotasPontos')
INSERT INTO HD_PADREL VALUES ('DomSecGeral','Lyceum','Vestibular','VesSalasNumCandidatos')
INSERT INTO HD_PADREL VALUES ('DomSecGeral','Lyceum','Vestibular','VesSemOpcao')



/*Insert de Padrão de Acesso: Processos*/


--DELETE FROM HD_PADPROC WHERE PADACES = 'DomAtend'
--DELETE FROM HD_PADPROC WHERE PADACES = 'DomSecret'
--DELETE FROM HD_PADPROC WHERE PADACES = 'DomSecGeral'
--GO

INSERT INTO HD_PADPROC VALUES ('DomAtend','Lyceum','AberturaTurmas')
INSERT INTO HD_PADPROC VALUES ('DomAtend','Lyceum','AcaNumChamada')
INSERT INTO HD_PADPROC VALUES ('DomAtend','Lyceum','AcaNumChamadaSerie')
INSERT INTO HD_PADPROC VALUES ('DomAtend','Lyceum','AcertaCobAlunosCanc')
INSERT INTO HD_PADPROC VALUES ('DomAtend','Lyceum','AjustaMatriculaSerie')
INSERT INTO HD_PADPROC VALUES ('DomAtend','Lyceum','AjustaPreMatricula')
INSERT INTO HD_PADPROC VALUES ('DomAtend','Lyceum','AjustaPreMatrSerie')
INSERT INTO HD_PADPROC VALUES ('DomAtend','Lyceum','AjustaStatusMatricula')
INSERT INTO HD_PADPROC VALUES ('DomAtend','Lyceum','AjustaTurmadaSerie')
INSERT INTO HD_PADPROC VALUES ('DomAtend','Lyceum','AjustaValores')
INSERT INTO HD_PADPROC VALUES ('DomAtend','Lyceum','AjusteEnturmacao')
INSERT INTO HD_PADPROC VALUES ('DomAtend','Lyceum','ArqAlunosExp')
INSERT INTO HD_PADPROC VALUES ('DomAtend','Lyceum','ArqMovimentos')
INSERT INTO HD_PADPROC VALUES ('DomAtend','Lyceum','ArqPessoasExp')
INSERT INTO HD_PADPROC VALUES ('DomAtend','Lyceum','ArqRespFinanExp')
INSERT INTO HD_PADPROC VALUES ('DomAtend','Lyceum','AssociaArea')
INSERT INTO HD_PADPROC VALUES ('DomAtend','Lyceum','AtualizaLicenca')
INSERT INTO HD_PADPROC VALUES ('DomAtend','Lyceum','AtualizaSerie')
INSERT INTO HD_PADPROC VALUES ('DomAtend','Lyceum','BaixaAutoCheque')
INSERT INTO HD_PADPROC VALUES ('DomAtend','Lyceum','CalcNotasAgregadas')
INSERT INTO HD_PADPROC VALUES ('DomAtend','Lyceum','CalculaNotaVest')
INSERT INTO HD_PADPROC VALUES ('DomAtend','Lyceum','CalculoDescFidel')
INSERT INTO HD_PADPROC VALUES ('DomAtend','Lyceum','CancelaAlunos')
INSERT INTO HD_PADPROC VALUES ('DomAtend','Lyceum','CancelaCalouros')
INSERT INTO HD_PADPROC VALUES ('DomAtend','Lyceum','CarregaFormNota')
INSERT INTO HD_PADPROC VALUES ('DomAtend','Lyceum','CarregaListaFreq')
INSERT INTO HD_PADPROC VALUES ('DomAtend','Lyceum','CarregaListaFreqAss')
INSERT INTO HD_PADPROC VALUES ('DomAtend','Lyceum','Classifica')
INSERT INTO HD_PADPROC VALUES ('DomAtend','Lyceum','Classificacao')
INSERT INTO HD_PADPROC VALUES ('DomAtend','Lyceum','CompensaCheque')
INSERT INTO HD_PADPROC VALUES ('DomAtend','Lyceum','ConcBolsaFidel')
INSERT INTO HD_PADPROC VALUES ('DomAtend','Lyceum','Convoca')
INSERT INTO HD_PADPROC VALUES ('DomAtend','Lyceum','CopiaBolsa')
INSERT INTO HD_PADPROC VALUES ('DomAtend','Lyceum','CopiaContratosAnt')
INSERT INTO HD_PADPROC VALUES ('DomAtend','Lyceum','CopiaServMatAnt')
INSERT INTO HD_PADPROC VALUES ('DomAtend','Lyceum','CopiaServPerAnt')
INSERT INTO HD_PADPROC VALUES ('DomAtend','Lyceum','Desclassifica')
INSERT INTO HD_PADPROC VALUES ('DomAtend','Lyceum','DesfazFechaPerLtv')
INSERT INTO HD_PADPROC VALUES ('DomAtend','Lyceum','DesfazFinalTurma')
INSERT INTO HD_PADPROC VALUES ('DomAtend','Lyceum','EfetivaInscricao')
INSERT INTO HD_PADPROC VALUES ('DomAtend','Lyceum','EfetivaPreMatr')
INSERT INTO HD_PADPROC VALUES ('DomAtend','Lyceum','EfetivaPreMatrSerie')
INSERT INTO HD_PADPROC VALUES ('DomAtend','Lyceum','EliminaPreMat')
INSERT INTO HD_PADPROC VALUES ('DomAtend','Lyceum','EliminaPreMatSerie')
INSERT INTO HD_PADPROC VALUES ('DomAtend','Lyceum','EncerraFaseCurr')
INSERT INTO HD_PADPROC VALUES ('DomAtend','Lyceum','EncerraFinanciamento')
INSERT INTO HD_PADPROC VALUES ('DomAtend','Lyceum','EncerraFormados')
INSERT INTO HD_PADPROC VALUES ('DomAtend','Lyceum','EncerraFormadosSerie')
INSERT INTO HD_PADPROC VALUES ('DomAtend','Lyceum','EncerraTutoria')
INSERT INTO HD_PADPROC VALUES ('DomAtend','Lyceum','Ensala')
INSERT INTO HD_PADPROC VALUES ('DomAtend','Lyceum','EnsalamentoSerie')
INSERT INTO HD_PADPROC VALUES ('DomAtend','Lyceum','EntradaNota')
INSERT INTO HD_PADPROC VALUES ('DomAtend','Lyceum','Enturmacao')
INSERT INTO HD_PADPROC VALUES ('DomAtend','Lyceum','EnvioEmailsLote')
INSERT INTO HD_PADPROC VALUES ('DomAtend','Lyceum','EstornaCobranca')
INSERT INTO HD_PADPROC VALUES ('DomAtend','Lyceum','Evadidos')
INSERT INTO HD_PADPROC VALUES ('DomAtend','Lyceum','FechaPerLtv')
INSERT INTO HD_PADPROC VALUES ('DomAtend','Lyceum','FinalizaTurma')
INSERT INTO HD_PADPROC VALUES ('DomAtend','Lyceum','GeraAdiantMatr')
INSERT INTO HD_PADPROC VALUES ('DomAtend','Lyceum','GeraAgenda')
INSERT INTO HD_PADPROC VALUES ('DomAtend','Lyceum','GeraArqBoleto')
INSERT INTO HD_PADPROC VALUES ('DomAtend','Lyceum','GeraArqDebito')
INSERT INTO HD_PADPROC VALUES ('DomAtend','Lyceum','GeraArqRPS')
INSERT INTO HD_PADPROC VALUES ('DomAtend','Lyceum','GeraBoleto')
INSERT INTO HD_PADPROC VALUES ('DomAtend','Lyceum','GeraCalcMatr')
INSERT INTO HD_PADPROC VALUES ('DomAtend','Lyceum','GeraCobrancaItens')
INSERT INTO HD_PADPROC VALUES ('DomAtend','Lyceum','GeraDebAluno')
INSERT INTO HD_PADPROC VALUES ('DomAtend','Lyceum','GeraDebAvulsoMatr')
INSERT INTO HD_PADPROC VALUES ('DomAtend','Lyceum','GeraDescDeb')
INSERT INTO HD_PADPROC VALUES ('DomAtend','Lyceum','GeraListaFreq')
INSERT INTO HD_PADPROC VALUES ('DomAtend','Lyceum','GeraNumeroRPS')
INSERT INTO HD_PADPROC VALUES ('DomAtend','Lyceum','GeraProtesto')
INSERT INTO HD_PADPROC VALUES ('DomAtend','Lyceum','GeraRestituicao')
INSERT INTO HD_PADPROC VALUES ('DomAtend','Lyceum','GeraServicoExtra')
INSERT INTO HD_PADPROC VALUES ('DomAtend','Lyceum','ImpArqDebito')
INSERT INTO HD_PADPROC VALUES ('DomAtend','Lyceum','ImportaArqBoleto')
INSERT INTO HD_PADPROC VALUES ('DomAtend','Lyceum','ImportaArqNFe')
INSERT INTO HD_PADPROC VALUES ('DomAtend','Lyceum','ImportaBoletoVest')
INSERT INTO HD_PADPROC VALUES ('DomAtend','Lyceum','ImportaFotos')
INSERT INTO HD_PADPROC VALUES ('DomAtend','Lyceum','ImportaFotosDoc')
INSERT INTO HD_PADPROC VALUES ('DomAtend','Lyceum','ImprimeFormNota')
INSERT INTO HD_PADPROC VALUES ('DomAtend','Lyceum','ImprimeListaFreq')
INSERT INTO HD_PADPROC VALUES ('DomAtend','Lyceum','ImprimeListaFreqAss')
INSERT INTO HD_PADPROC VALUES ('DomAtend','Lyceum','IngressoVestibular')
INSERT INTO HD_PADPROC VALUES ('DomAtend','Lyceum','InicializaSenha')
INSERT INTO HD_PADPROC VALUES ('DomAtend','Lyceum','Jubilamento')
INSERT INTO HD_PADPROC VALUES ('DomAtend','Lyceum','LerRespostas')
INSERT INTO HD_PADPROC VALUES ('DomAtend','Lyceum','Normaliza')
INSERT INTO HD_PADPROC VALUES ('DomAtend','Lyceum','ParcelaCobranca')
INSERT INTO HD_PADPROC VALUES ('DomAtend','Lyceum','Pontuacao')
INSERT INTO HD_PADPROC VALUES ('DomAtend','Lyceum','PreMatricula')
INSERT INTO HD_PADPROC VALUES ('DomAtend','Lyceum','PreMatriculaSerie')
INSERT INTO HD_PADPROC VALUES ('DomAtend','Lyceum','Priorizacao')
INSERT INTO HD_PADPROC VALUES ('DomAtend','Lyceum','Proc Fechamento Parcial')
INSERT INTO HD_PADPROC VALUES ('DomAtend','Lyceum','ProrrogaDtVencCobranca')
INSERT INTO HD_PADPROC VALUES ('DomAtend','Lyceum','ProrrogaLicenca')
INSERT INTO HD_PADPROC VALUES ('DomAtend','Lyceum','ProtestaCobranca')
INSERT INTO HD_PADPROC VALUES ('DomAtend','Lyceum','RemoveBoleto')
INSERT INTO HD_PADPROC VALUES ('DomAtend','Lyceum','RemoveBoletos')
INSERT INTO HD_PADPROC VALUES ('DomAtend','Lyceum','RemoveCobranca')
INSERT INTO HD_PADPROC VALUES ('DomAtend','Lyceum','RemoveDebLote')
INSERT INTO HD_PADPROC VALUES ('DomAtend','Lyceum','RemoveDescDebLote')
INSERT INTO HD_PADPROC VALUES ('DomAtend','Lyceum','RemovePagamentoLote')
INSERT INTO HD_PADPROC VALUES ('DomAtend','Lyceum','RemovePrePagosVencidos')
INSERT INTO HD_PADPROC VALUES ('DomAtend','Lyceum','RemoveTurma')
INSERT INTO HD_PADPROC VALUES ('DomAtend','Lyceum','Rendimento')
INSERT INTO HD_PADPROC VALUES ('DomAtend','Lyceum','TransfCurriculo')
INSERT INTO HD_PADPROC VALUES ('DomSecret','Lyceum','AberturaTurmas')
INSERT INTO HD_PADPROC VALUES ('DomSecret','Lyceum','AcaNumChamada')
INSERT INTO HD_PADPROC VALUES ('DomSecret','Lyceum','AcaNumChamadaSerie')
INSERT INTO HD_PADPROC VALUES ('DomSecret','Lyceum','AcertaCobAlunosCanc')
INSERT INTO HD_PADPROC VALUES ('DomSecret','Lyceum','AjustaMatriculaSerie')
INSERT INTO HD_PADPROC VALUES ('DomSecret','Lyceum','AjustaPreMatricula')
INSERT INTO HD_PADPROC VALUES ('DomSecret','Lyceum','AjustaPreMatrSerie')
INSERT INTO HD_PADPROC VALUES ('DomSecret','Lyceum','AjustaStatusMatricula')
INSERT INTO HD_PADPROC VALUES ('DomSecret','Lyceum','AjustaTurmadaSerie')
INSERT INTO HD_PADPROC VALUES ('DomSecret','Lyceum','AjustaValores')
INSERT INTO HD_PADPROC VALUES ('DomSecret','Lyceum','AjusteEnturmacao')
INSERT INTO HD_PADPROC VALUES ('DomSecret','Lyceum','ArqAlunosExp')
INSERT INTO HD_PADPROC VALUES ('DomSecret','Lyceum','ArqMovimentos')
INSERT INTO HD_PADPROC VALUES ('DomSecret','Lyceum','ArqPessoasExp')
INSERT INTO HD_PADPROC VALUES ('DomSecret','Lyceum','ArqRespFinanExp')
INSERT INTO HD_PADPROC VALUES ('DomSecret','Lyceum','AssociaArea')
INSERT INTO HD_PADPROC VALUES ('DomSecret','Lyceum','AtualizaLicenca')
INSERT INTO HD_PADPROC VALUES ('DomSecret','Lyceum','AtualizaSerie')
INSERT INTO HD_PADPROC VALUES ('DomSecret','Lyceum','BaixaAutoCheque')
INSERT INTO HD_PADPROC VALUES ('DomSecret','Lyceum','CalcNotasAgregadas')
INSERT INTO HD_PADPROC VALUES ('DomSecret','Lyceum','CalculaNotaVest')
INSERT INTO HD_PADPROC VALUES ('DomSecret','Lyceum','CalculoDescFidel')
INSERT INTO HD_PADPROC VALUES ('DomSecret','Lyceum','CancelaAlunos')
INSERT INTO HD_PADPROC VALUES ('DomSecret','Lyceum','CancelaCalouros')
INSERT INTO HD_PADPROC VALUES ('DomSecret','Lyceum','CarregaFormNota')
INSERT INTO HD_PADPROC VALUES ('DomSecret','Lyceum','CarregaListaFreq')
INSERT INTO HD_PADPROC VALUES ('DomSecret','Lyceum','CarregaListaFreqAss')
INSERT INTO HD_PADPROC VALUES ('DomSecret','Lyceum','Classifica')
INSERT INTO HD_PADPROC VALUES ('DomSecret','Lyceum','Classificacao')
INSERT INTO HD_PADPROC VALUES ('DomSecret','Lyceum','CompensaCheque')
INSERT INTO HD_PADPROC VALUES ('DomSecret','Lyceum','ConcBolsaFidel')
INSERT INTO HD_PADPROC VALUES ('DomSecret','Lyceum','Convoca')
INSERT INTO HD_PADPROC VALUES ('DomSecret','Lyceum','CopiaBolsa')
INSERT INTO HD_PADPROC VALUES ('DomSecret','Lyceum','CopiaContratosAnt')
INSERT INTO HD_PADPROC VALUES ('DomSecret','Lyceum','CopiaServMatAnt')
INSERT INTO HD_PADPROC VALUES ('DomSecret','Lyceum','CopiaServPerAnt')
INSERT INTO HD_PADPROC VALUES ('DomSecret','Lyceum','Desclassifica')
INSERT INTO HD_PADPROC VALUES ('DomSecret','Lyceum','DesfazFechaPerLtv')
INSERT INTO HD_PADPROC VALUES ('DomSecret','Lyceum','DesfazFinalTurma')
INSERT INTO HD_PADPROC VALUES ('DomSecret','Lyceum','EfetivaInscricao')
INSERT INTO HD_PADPROC VALUES ('DomSecret','Lyceum','EfetivaPreMatr')
INSERT INTO HD_PADPROC VALUES ('DomSecret','Lyceum','EfetivaPreMatrSerie')
INSERT INTO HD_PADPROC VALUES ('DomSecret','Lyceum','EliminaPreMat')
INSERT INTO HD_PADPROC VALUES ('DomSecret','Lyceum','EliminaPreMatSerie')
INSERT INTO HD_PADPROC VALUES ('DomSecret','Lyceum','EncerraFaseCurr')
INSERT INTO HD_PADPROC VALUES ('DomSecret','Lyceum','EncerraFinanciamento')
INSERT INTO HD_PADPROC VALUES ('DomSecret','Lyceum','EncerraFormados')
INSERT INTO HD_PADPROC VALUES ('DomSecret','Lyceum','EncerraFormadosSerie')
INSERT INTO HD_PADPROC VALUES ('DomSecret','Lyceum','EncerraTutoria')
INSERT INTO HD_PADPROC VALUES ('DomSecret','Lyceum','Ensala')
INSERT INTO HD_PADPROC VALUES ('DomSecret','Lyceum','EnsalamentoSerie')
INSERT INTO HD_PADPROC VALUES ('DomSecret','Lyceum','EntradaNota')
INSERT INTO HD_PADPROC VALUES ('DomSecret','Lyceum','Enturmacao')
INSERT INTO HD_PADPROC VALUES ('DomSecret','Lyceum','EnvioEmailsLote')
INSERT INTO HD_PADPROC VALUES ('DomSecret','Lyceum','EstornaCobranca')
INSERT INTO HD_PADPROC VALUES ('DomSecret','Lyceum','Evadidos')
INSERT INTO HD_PADPROC VALUES ('DomSecret','Lyceum','FechaPerLtv')
INSERT INTO HD_PADPROC VALUES ('DomSecret','Lyceum','FinalizaTurma')
INSERT INTO HD_PADPROC VALUES ('DomSecret','Lyceum','GeraAdiantMatr')
INSERT INTO HD_PADPROC VALUES ('DomSecret','Lyceum','GeraAgenda')
INSERT INTO HD_PADPROC VALUES ('DomSecret','Lyceum','GeraArqBoleto')
INSERT INTO HD_PADPROC VALUES ('DomSecret','Lyceum','GeraArqDebito')
INSERT INTO HD_PADPROC VALUES ('DomSecret','Lyceum','GeraArqRPS')
INSERT INTO HD_PADPROC VALUES ('DomSecret','Lyceum','GeraBoleto')
INSERT INTO HD_PADPROC VALUES ('DomSecret','Lyceum','GeraCalcMatr')
INSERT INTO HD_PADPROC VALUES ('DomSecret','Lyceum','GeraCobrancaItens')
INSERT INTO HD_PADPROC VALUES ('DomSecret','Lyceum','GeraDebAluno')
INSERT INTO HD_PADPROC VALUES ('DomSecret','Lyceum','GeraDebAvulsoMatr')
INSERT INTO HD_PADPROC VALUES ('DomSecret','Lyceum','GeraDescDeb')
INSERT INTO HD_PADPROC VALUES ('DomSecret','Lyceum','GeraListaFreq')
INSERT INTO HD_PADPROC VALUES ('DomSecret','Lyceum','GeraNumeroRPS')
INSERT INTO HD_PADPROC VALUES ('DomSecret','Lyceum','GeraProtesto')
INSERT INTO HD_PADPROC VALUES ('DomSecret','Lyceum','GeraRestituicao')
INSERT INTO HD_PADPROC VALUES ('DomSecret','Lyceum','GeraServicoExtra')
INSERT INTO HD_PADPROC VALUES ('DomSecret','Lyceum','ImpArqDebito')
INSERT INTO HD_PADPROC VALUES ('DomSecret','Lyceum','ImportaArqBoleto')
INSERT INTO HD_PADPROC VALUES ('DomSecret','Lyceum','ImportaArqNFe')
INSERT INTO HD_PADPROC VALUES ('DomSecret','Lyceum','ImportaBoletoVest')
INSERT INTO HD_PADPROC VALUES ('DomSecret','Lyceum','ImportaFotos')
INSERT INTO HD_PADPROC VALUES ('DomSecret','Lyceum','ImportaFotosDoc')
INSERT INTO HD_PADPROC VALUES ('DomSecret','Lyceum','ImprimeFormNota')
INSERT INTO HD_PADPROC VALUES ('DomSecret','Lyceum','ImprimeListaFreq')
INSERT INTO HD_PADPROC VALUES ('DomSecret','Lyceum','ImprimeListaFreqAss')
INSERT INTO HD_PADPROC VALUES ('DomSecret','Lyceum','IngressoVestibular')
INSERT INTO HD_PADPROC VALUES ('DomSecret','Lyceum','InicializaSenha')
INSERT INTO HD_PADPROC VALUES ('DomSecret','Lyceum','Jubilamento')
INSERT INTO HD_PADPROC VALUES ('DomSecret','Lyceum','LerRespostas')
INSERT INTO HD_PADPROC VALUES ('DomSecret','Lyceum','Normaliza')
INSERT INTO HD_PADPROC VALUES ('DomSecret','Lyceum','ParcelaCobranca')
INSERT INTO HD_PADPROC VALUES ('DomSecret','Lyceum','Pontuacao')
INSERT INTO HD_PADPROC VALUES ('DomSecret','Lyceum','PreMatricula')
INSERT INTO HD_PADPROC VALUES ('DomSecret','Lyceum','PreMatriculaSerie')
INSERT INTO HD_PADPROC VALUES ('DomSecret','Lyceum','Priorizacao')
INSERT INTO HD_PADPROC VALUES ('DomSecret','Lyceum','Proc Fechamento Parcial')
INSERT INTO HD_PADPROC VALUES ('DomSecret','Lyceum','ProrrogaDtVencCobranca')
INSERT INTO HD_PADPROC VALUES ('DomSecret','Lyceum','ProrrogaLicenca')
INSERT INTO HD_PADPROC VALUES ('DomSecret','Lyceum','ProtestaCobranca')
INSERT INTO HD_PADPROC VALUES ('DomSecret','Lyceum','RemoveBoleto')
INSERT INTO HD_PADPROC VALUES ('DomSecret','Lyceum','RemoveBoletos')
INSERT INTO HD_PADPROC VALUES ('DomSecret','Lyceum','RemoveCobranca')
INSERT INTO HD_PADPROC VALUES ('DomSecret','Lyceum','RemoveDebLote')
INSERT INTO HD_PADPROC VALUES ('DomSecret','Lyceum','RemoveDescDebLote')
INSERT INTO HD_PADPROC VALUES ('DomSecret','Lyceum','RemovePagamentoLote')
INSERT INTO HD_PADPROC VALUES ('DomSecret','Lyceum','RemovePrePagosVencidos')
INSERT INTO HD_PADPROC VALUES ('DomSecret','Lyceum','RemoveTurma')
INSERT INTO HD_PADPROC VALUES ('DomSecret','Lyceum','Rendimento')
INSERT INTO HD_PADPROC VALUES ('DomSecret','Lyceum','TransfCurriculo')
INSERT INTO HD_PADPROC VALUES ('DomSecGeral','Lyceum','AberturaTurmas')
INSERT INTO HD_PADPROC VALUES ('DomSecGeral','Lyceum','AcaNumChamada')
INSERT INTO HD_PADPROC VALUES ('DomSecGeral','Lyceum','AcaNumChamadaSerie')
INSERT INTO HD_PADPROC VALUES ('DomSecGeral','Lyceum','AcertaCobAlunosCanc')
INSERT INTO HD_PADPROC VALUES ('DomSecGeral','Lyceum','AjustaMatriculaSerie')
INSERT INTO HD_PADPROC VALUES ('DomSecGeral','Lyceum','AjustaPreMatricula')
INSERT INTO HD_PADPROC VALUES ('DomSecGeral','Lyceum','AjustaPreMatrSerie')
INSERT INTO HD_PADPROC VALUES ('DomSecGeral','Lyceum','AjustaStatusMatricula')
INSERT INTO HD_PADPROC VALUES ('DomSecGeral','Lyceum','AjustaTurmadaSerie')
INSERT INTO HD_PADPROC VALUES ('DomSecGeral','Lyceum','AjustaValores')
INSERT INTO HD_PADPROC VALUES ('DomSecGeral','Lyceum','AjusteEnturmacao')
INSERT INTO HD_PADPROC VALUES ('DomSecGeral','Lyceum','ArqAlunosExp')
INSERT INTO HD_PADPROC VALUES ('DomSecGeral','Lyceum','ArqMovimentos')
INSERT INTO HD_PADPROC VALUES ('DomSecGeral','Lyceum','ArqPessoasExp')
INSERT INTO HD_PADPROC VALUES ('DomSecGeral','Lyceum','ArqRespFinanExp')
INSERT INTO HD_PADPROC VALUES ('DomSecGeral','Lyceum','AssociaArea')
INSERT INTO HD_PADPROC VALUES ('DomSecGeral','Lyceum','AtualizaLicenca')
INSERT INTO HD_PADPROC VALUES ('DomSecGeral','Lyceum','AtualizaSerie')
INSERT INTO HD_PADPROC VALUES ('DomSecGeral','Lyceum','BaixaAutoCheque')
INSERT INTO HD_PADPROC VALUES ('DomSecGeral','Lyceum','CalcNotasAgregadas')
INSERT INTO HD_PADPROC VALUES ('DomSecGeral','Lyceum','CalculaNotaVest')
INSERT INTO HD_PADPROC VALUES ('DomSecGeral','Lyceum','CalculoDescFidel')
INSERT INTO HD_PADPROC VALUES ('DomSecGeral','Lyceum','CancelaAlunos')
INSERT INTO HD_PADPROC VALUES ('DomSecGeral','Lyceum','CancelaCalouros')
INSERT INTO HD_PADPROC VALUES ('DomSecGeral','Lyceum','CarregaFormNota')
INSERT INTO HD_PADPROC VALUES ('DomSecGeral','Lyceum','CarregaListaFreq')
INSERT INTO HD_PADPROC VALUES ('DomSecGeral','Lyceum','CarregaListaFreqAss')
INSERT INTO HD_PADPROC VALUES ('DomSecGeral','Lyceum','Classifica')
INSERT INTO HD_PADPROC VALUES ('DomSecGeral','Lyceum','Classificacao')
INSERT INTO HD_PADPROC VALUES ('DomSecGeral','Lyceum','CompensaCheque')
INSERT INTO HD_PADPROC VALUES ('DomSecGeral','Lyceum','ConcBolsaFidel')
INSERT INTO HD_PADPROC VALUES ('DomSecGeral','Lyceum','Convoca')
INSERT INTO HD_PADPROC VALUES ('DomSecGeral','Lyceum','CopiaBolsa')
INSERT INTO HD_PADPROC VALUES ('DomSecGeral','Lyceum','CopiaContratosAnt')
INSERT INTO HD_PADPROC VALUES ('DomSecGeral','Lyceum','CopiaServMatAnt')
INSERT INTO HD_PADPROC VALUES ('DomSecGeral','Lyceum','CopiaServPerAnt')
INSERT INTO HD_PADPROC VALUES ('DomSecGeral','Lyceum','Desclassifica')
INSERT INTO HD_PADPROC VALUES ('DomSecGeral','Lyceum','DesfazFechaPerLtv')
INSERT INTO HD_PADPROC VALUES ('DomSecGeral','Lyceum','DesfazFinalTurma')
INSERT INTO HD_PADPROC VALUES ('DomSecGeral','Lyceum','EfetivaInscricao')
INSERT INTO HD_PADPROC VALUES ('DomSecGeral','Lyceum','EfetivaPreMatr')
INSERT INTO HD_PADPROC VALUES ('DomSecGeral','Lyceum','EfetivaPreMatrSerie')
INSERT INTO HD_PADPROC VALUES ('DomSecGeral','Lyceum','EliminaPreMat')
INSERT INTO HD_PADPROC VALUES ('DomSecGeral','Lyceum','EliminaPreMatSerie')
INSERT INTO HD_PADPROC VALUES ('DomSecGeral','Lyceum','EncerraFaseCurr')
INSERT INTO HD_PADPROC VALUES ('DomSecGeral','Lyceum','EncerraFinanciamento')
INSERT INTO HD_PADPROC VALUES ('DomSecGeral','Lyceum','EncerraFormados')
INSERT INTO HD_PADPROC VALUES ('DomSecGeral','Lyceum','EncerraFormadosSerie')
INSERT INTO HD_PADPROC VALUES ('DomSecGeral','Lyceum','EncerraTutoria')
INSERT INTO HD_PADPROC VALUES ('DomSecGeral','Lyceum','Ensala')
INSERT INTO HD_PADPROC VALUES ('DomSecGeral','Lyceum','EnsalamentoSerie')
INSERT INTO HD_PADPROC VALUES ('DomSecGeral','Lyceum','EntradaNota')
INSERT INTO HD_PADPROC VALUES ('DomSecGeral','Lyceum','Enturmacao')
INSERT INTO HD_PADPROC VALUES ('DomSecGeral','Lyceum','EnvioEmailsLote')
INSERT INTO HD_PADPROC VALUES ('DomSecGeral','Lyceum','EstornaCobranca')
INSERT INTO HD_PADPROC VALUES ('DomSecGeral','Lyceum','Evadidos')
INSERT INTO HD_PADPROC VALUES ('DomSecGeral','Lyceum','FechaPerLtv')
INSERT INTO HD_PADPROC VALUES ('DomSecGeral','Lyceum','FinalizaTurma')
INSERT INTO HD_PADPROC VALUES ('DomSecGeral','Lyceum','GeraAdiantMatr')
INSERT INTO HD_PADPROC VALUES ('DomSecGeral','Lyceum','GeraAgenda')
INSERT INTO HD_PADPROC VALUES ('DomSecGeral','Lyceum','GeraArqBoleto')
INSERT INTO HD_PADPROC VALUES ('DomSecGeral','Lyceum','GeraArqDebito')
INSERT INTO HD_PADPROC VALUES ('DomSecGeral','Lyceum','GeraArqRPS')
INSERT INTO HD_PADPROC VALUES ('DomSecGeral','Lyceum','GeraBoleto')
INSERT INTO HD_PADPROC VALUES ('DomSecGeral','Lyceum','GeraCalcMatr')
INSERT INTO HD_PADPROC VALUES ('DomSecGeral','Lyceum','GeraCobrancaItens')
INSERT INTO HD_PADPROC VALUES ('DomSecGeral','Lyceum','GeraDebAluno')
INSERT INTO HD_PADPROC VALUES ('DomSecGeral','Lyceum','GeraDebAvulsoMatr')
INSERT INTO HD_PADPROC VALUES ('DomSecGeral','Lyceum','GeraDescDeb')
INSERT INTO HD_PADPROC VALUES ('DomSecGeral','Lyceum','GeraListaFreq')
INSERT INTO HD_PADPROC VALUES ('DomSecGeral','Lyceum','GeraNumeroRPS')
INSERT INTO HD_PADPROC VALUES ('DomSecGeral','Lyceum','GeraProtesto')
INSERT INTO HD_PADPROC VALUES ('DomSecGeral','Lyceum','GeraRestituicao')
INSERT INTO HD_PADPROC VALUES ('DomSecGeral','Lyceum','GeraServicoExtra')
INSERT INTO HD_PADPROC VALUES ('DomSecGeral','Lyceum','ImpArqDebito')
INSERT INTO HD_PADPROC VALUES ('DomSecGeral','Lyceum','ImportaArqBoleto')
INSERT INTO HD_PADPROC VALUES ('DomSecGeral','Lyceum','ImportaArqNFe')
INSERT INTO HD_PADPROC VALUES ('DomSecGeral','Lyceum','ImportaBoletoVest')
INSERT INTO HD_PADPROC VALUES ('DomSecGeral','Lyceum','ImportaFotos')
INSERT INTO HD_PADPROC VALUES ('DomSecGeral','Lyceum','ImportaFotosDoc')
INSERT INTO HD_PADPROC VALUES ('DomSecGeral','Lyceum','ImprimeFormNota')
INSERT INTO HD_PADPROC VALUES ('DomSecGeral','Lyceum','ImprimeListaFreq')
INSERT INTO HD_PADPROC VALUES ('DomSecGeral','Lyceum','ImprimeListaFreqAss')
INSERT INTO HD_PADPROC VALUES ('DomSecGeral','Lyceum','IngressoVestibular')
INSERT INTO HD_PADPROC VALUES ('DomSecGeral','Lyceum','InicializaSenha')
INSERT INTO HD_PADPROC VALUES ('DomSecGeral','Lyceum','Jubilamento')
INSERT INTO HD_PADPROC VALUES ('DomSecGeral','Lyceum','LerRespostas')
INSERT INTO HD_PADPROC VALUES ('DomSecGeral','Lyceum','Normaliza')
INSERT INTO HD_PADPROC VALUES ('DomSecGeral','Lyceum','ParcelaCobranca')
INSERT INTO HD_PADPROC VALUES ('DomSecGeral','Lyceum','Pontuacao')
INSERT INTO HD_PADPROC VALUES ('DomSecGeral','Lyceum','PreMatricula')
INSERT INTO HD_PADPROC VALUES ('DomSecGeral','Lyceum','PreMatriculaSerie')
INSERT INTO HD_PADPROC VALUES ('DomSecGeral','Lyceum','Priorizacao')
INSERT INTO HD_PADPROC VALUES ('DomSecGeral','Lyceum','Proc Fechamento Parcial')
INSERT INTO HD_PADPROC VALUES ('DomSecGeral','Lyceum','ProrrogaDtVencCobranca')
INSERT INTO HD_PADPROC VALUES ('DomSecGeral','Lyceum','ProrrogaLicenca')
INSERT INTO HD_PADPROC VALUES ('DomSecGeral','Lyceum','ProtestaCobranca')
INSERT INTO HD_PADPROC VALUES ('DomSecGeral','Lyceum','RemoveBoleto')
INSERT INTO HD_PADPROC VALUES ('DomSecGeral','Lyceum','RemoveBoletos')
INSERT INTO HD_PADPROC VALUES ('DomSecGeral','Lyceum','RemoveCobranca')
INSERT INTO HD_PADPROC VALUES ('DomSecGeral','Lyceum','RemoveDebLote')
INSERT INTO HD_PADPROC VALUES ('DomSecGeral','Lyceum','RemoveDescDebLote')
INSERT INTO HD_PADPROC VALUES ('DomSecGeral','Lyceum','RemovePagamentoLote')
INSERT INTO HD_PADPROC VALUES ('DomSecGeral','Lyceum','RemovePrePagosVencidos')
INSERT INTO HD_PADPROC VALUES ('DomSecGeral','Lyceum','RemoveTurma')
INSERT INTO HD_PADPROC VALUES ('DomSecGeral','Lyceum','Rendimento')
INSERT INTO HD_PADPROC VALUES ('DomSecGeral','Lyceum','TransfCurriculo')
